Date,Close
11/15/2024 16:00:00,320.72
11/14/2024 16:00:00,311.18
11/13/2024 16:00:00,330.24
11/12/2024 16:00:00,328.49
11/11/2024 16:00:00,350
11/8/2024 16:00:00,321.22
11/7/2024 16:00:00,296.91
11/6/2024 16:00:00,288.53
11/5/2024 16:00:00,251.44
11/4/2024 16:00:00,242.84
11/1/2024 16:00:00,248.98
10/31/2024 16:00:00,249.85
10/30/2024 16:00:00,257.55
10/29/2024 16:00:00,259.52
10/28/2024 16:00:00,262.51
10/25/2024 16:00:00,269.19
10/24/2024 16:00:00,260.48
10/23/2024 16:00:00,213.65
10/22/2024 16:00:00,217.97
10/21/2024 16:00:00,218.85
10/18/2024 16:00:00,220.7
10/17/2024 16:00:00,220.89
10/16/2024 16:00:00,221.33
10/15/2024 16:00:00,219.57
10/14/2024 16:00:00,219.16
10/11/2024 16:00:00,217.8
10/10/2024 16:00:00,238.77
10/9/2024 16:00:00,241.05
10/8/2024 16:00:00,244.5
10/7/2024 16:00:00,240.83
10/4/2024 16:00:00,250.08
10/3/2024 16:00:00,240.66
10/2/2024 16:00:00,249.02
10/1/2024 16:00:00,258.02
9/30/2024 16:00:00,261.63
9/27/2024 16:00:00,260.46
9/26/2024 16:00:00,254.22
9/25/2024 16:00:00,257.02
9/24/2024 16:00:00,254.27
9/23/2024 16:00:00,250
9/20/2024 16:00:00,238.25
9/19/2024 16:00:00,243.92
9/18/2024 16:00:00,227.2
9/17/2024 16:00:00,227.87
9/16/2024 16:00:00,226.78
9/13/2024 16:00:00,230.29
9/12/2024 16:00:00,229.81
9/11/2024 16:00:00,228.13
9/10/2024 16:00:00,226.17
9/9/2024 16:00:00,216.27
9/6/2024 16:00:00,210.73
9/5/2024 16:00:00,230.17
9/4/2024 16:00:00,219.41
9/3/2024 16:00:00,210.6
8/30/2024 16:00:00,214.11
8/29/2024 16:00:00,206.28
8/28/2024 16:00:00,205.75
8/27/2024 16:00:00,209.21
8/26/2024 16:00:00,213.21
8/23/2024 16:00:00,220.32
8/22/2024 16:00:00,210.66
8/21/2024 16:00:00,223.27
8/20/2024 16:00:00,221.1
8/19/2024 16:00:00,222.72
8/16/2024 16:00:00,216.12
8/15/2024 16:00:00,214.14
8/14/2024 16:00:00,201.38
8/13/2024 16:00:00,207.83
8/12/2024 16:00:00,197.49
8/9/2024 16:00:00,200
8/8/2024 16:00:00,198.84
8/7/2024 16:00:00,191.76
8/6/2024 16:00:00,200.64
8/5/2024 16:00:00,198.88
8/2/2024 16:00:00,207.67
8/1/2024 16:00:00,216.86
7/31/2024 16:00:00,232.07
7/30/2024 16:00:00,222.62
7/29/2024 16:00:00,232.1
7/26/2024 16:00:00,219.8
7/25/2024 16:00:00,220.25
7/24/2024 16:00:00,215.99
7/23/2024 16:00:00,246.38
7/22/2024 16:00:00,251.51
7/19/2024 16:00:00,239.2
7/18/2024 16:00:00,249.23
7/17/2024 16:00:00,248.5
7/16/2024 16:00:00,256.56
7/15/2024 16:00:00,252.64
7/12/2024 16:00:00,248.23
7/11/2024 16:00:00,241.03
7/10/2024 16:00:00,263.26
7/9/2024 16:00:00,262.33
7/8/2024 16:00:00,252.94
7/5/2024 16:00:00,251.52
7/3/2024 13:05:00,246.39
7/2/2024 16:00:00,231.26
7/1/2024 16:00:00,209.86
6/28/2024 16:00:00,197.88
6/27/2024 16:00:00,197.42
6/26/2024 16:00:00,196.37
6/25/2024 16:00:00,187.35
6/24/2024 16:00:00,182.58
6/21/2024 16:00:00,183.01
6/20/2024 16:00:00,181.57
6/18/2024 16:00:00,184.86
6/17/2024 16:00:00,187.44
6/14/2024 16:00:00,178.01
6/13/2024 16:00:00,182.47
6/12/2024 16:00:00,177.29
6/11/2024 16:00:00,170.66
6/10/2024 16:00:00,173.79
6/7/2024 16:00:00,177.48
6/6/2024 16:00:00,177.94
6/5/2024 16:00:00,175
6/4/2024 16:00:00,174.77
6/3/2024 16:00:00,176.29
5/31/2024 16:00:00,178.08
5/30/2024 16:00:00,178.79
5/29/2024 16:00:00,176.19
5/28/2024 16:00:00,176.75
5/24/2024 16:00:00,179.24
5/23/2024 16:00:00,173.74
5/22/2024 16:00:00,180.11
5/21/2024 16:00:00,186.6
5/20/2024 16:00:00,174.95
5/17/2024 16:00:00,177.46
5/16/2024 16:00:00,174.84
5/15/2024 16:00:00,173.99
5/14/2024 16:00:00,177.55
5/13/2024 16:00:00,171.89
5/10/2024 16:00:00,168.47
5/9/2024 16:00:00,171.97
5/8/2024 16:00:00,174.72
5/7/2024 16:00:00,177.81
5/6/2024 16:00:00,184.76
5/3/2024 16:00:00,181.19
5/2/2024 16:00:00,180.01
5/1/2024 16:00:00,179.99
4/30/2024 16:00:00,183.28
4/29/2024 16:00:00,194.05
4/26/2024 16:00:00,168.29
4/25/2024 16:00:00,170.18
4/24/2024 16:00:00,162.13
4/23/2024 16:00:00,144.68
4/22/2024 16:00:00,142.05
4/19/2024 16:00:00,147.05
4/18/2024 16:00:00,149.93
4/17/2024 16:00:00,155.45
4/16/2024 16:00:00,157.11
4/15/2024 16:00:00,161.48
4/12/2024 16:00:00,171.05
4/11/2024 16:00:00,174.6
4/10/2024 16:00:00,171.76
4/9/2024 16:00:00,176.88
4/8/2024 16:00:00,172.98
4/5/2024 16:00:00,164.9
4/4/2024 16:00:00,171.11
4/3/2024 16:00:00,168.38
4/2/2024 16:00:00,166.63
4/1/2024 16:00:00,175.22
3/28/2024 16:00:00,175.79
3/27/2024 16:00:00,179.83
3/26/2024 16:00:00,177.67
3/25/2024 16:00:00,172.63
3/22/2024 16:00:00,170.83
3/21/2024 16:00:00,172.82
3/20/2024 16:00:00,175.66
3/19/2024 16:00:00,171.32
3/18/2024 16:00:00,173.8
3/15/2024 16:00:00,163.57
3/14/2024 16:00:00,162.5
3/13/2024 16:00:00,169.48
3/12/2024 16:00:00,177.54
3/11/2024 16:00:00,177.77
3/8/2024 16:00:00,175.34
3/7/2024 16:00:00,178.65
3/6/2024 16:00:00,176.54
3/5/2024 16:00:00,180.74
3/4/2024 16:00:00,188.14
3/1/2024 16:00:00,202.64
2/29/2024 16:00:00,201.88
2/28/2024 16:00:00,202.04
2/27/2024 16:00:00,199.73
2/26/2024 16:00:00,199.4
2/23/2024 16:00:00,191.97
2/22/2024 16:00:00,197.41
2/21/2024 16:00:00,194.77
2/20/2024 16:00:00,193.76
2/16/2024 16:00:00,199.95
2/15/2024 16:00:00,200.45
2/14/2024 16:00:00,188.71
2/13/2024 16:00:00,184.02
2/12/2024 16:00:00,188.13
2/9/2024 16:00:00,193.57
2/8/2024 16:00:00,189.56
2/7/2024 16:00:00,187.58
2/6/2024 16:00:00,185.1
2/5/2024 16:00:00,181.06
2/2/2024 16:00:00,187.91
2/1/2024 16:00:00,188.86
1/31/2024 16:00:00,187.29
1/30/2024 16:00:00,191.59
1/29/2024 16:00:00,190.93
1/26/2024 16:00:00,183.25
1/25/2024 16:00:00,182.63
1/24/2024 16:00:00,207.83
1/23/2024 16:00:00,209.14
1/22/2024 16:00:00,208.8
1/19/2024 16:00:00,212.19
1/18/2024 16:00:00,211.88
1/17/2024 16:00:00,215.55
1/16/2024 16:00:00,219.91
1/12/2024 16:00:00,218.89
1/11/2024 16:00:00,227.22
1/10/2024 16:00:00,233.94
1/9/2024 16:00:00,234.96
1/8/2024 16:00:00,240.45
1/5/2024 16:00:00,237.49
1/4/2024 16:00:00,237.93
1/3/2024 16:00:00,238.45
1/2/2024 16:00:00,248.42
12/29/2023 16:00:00,248.48
12/28/2023 16:00:00,253.18
12/27/2023 16:00:00,261.44
12/26/2023 16:00:00,256.61
12/22/2023 16:00:00,252.54
12/21/2023 16:00:00,254.5
12/20/2023 16:00:00,247.14
12/19/2023 16:00:00,257.22
12/18/2023 16:00:00,252.08
12/15/2023 16:00:00,253.5
12/14/2023 16:00:00,251.05
12/13/2023 16:00:00,239.29
12/12/2023 16:00:00,237.01
12/11/2023 16:00:00,239.74
12/8/2023 16:00:00,243.84
12/7/2023 16:00:00,242.64
12/6/2023 16:00:00,239.37
12/5/2023 16:00:00,238.72
12/4/2023 16:00:00,235.58
12/1/2023 16:00:00,238.83
11/30/2023 16:00:00,240.08
11/29/2023 16:00:00,244.14
11/28/2023 16:00:00,246.72
11/27/2023 16:00:00,236.08
11/24/2023 13:05:00,235.45
11/22/2023 16:00:00,234.21
11/21/2023 16:00:00,241.2
11/20/2023 16:00:00,235.6
11/17/2023 16:00:00,234.3
11/16/2023 16:00:00,233.59
11/15/2023 16:00:00,242.84
11/14/2023 16:00:00,237.41
11/13/2023 16:00:00,223.71
11/10/2023 16:00:00,214.65
11/9/2023 16:00:00,209.98
11/8/2023 16:00:00,222.11
11/7/2023 16:00:00,222.18
11/6/2023 16:00:00,219.27
11/3/2023 16:00:00,219.96
11/2/2023 16:00:00,218.51
11/1/2023 16:00:00,205.66
10/31/2023 16:00:00,200.84
10/30/2023 16:00:00,197.36
10/27/2023 16:00:00,207.3
10/26/2023 16:00:00,205.76
10/25/2023 16:00:00,212.42
10/24/2023 16:00:00,216.52
10/23/2023 16:00:00,212.08
10/20/2023 16:00:00,211.99
10/19/2023 16:00:00,220.11
10/18/2023 16:00:00,242.68
10/17/2023 16:00:00,254.85
10/16/2023 16:00:00,253.92
10/13/2023 16:00:00,251.12
10/12/2023 16:00:00,258.87
10/11/2023 16:00:00,262.99
10/10/2023 16:00:00,263.62
10/9/2023 16:00:00,259.67
10/6/2023 16:00:00,260.53
10/5/2023 16:00:00,260.05
10/4/2023 16:00:00,261.16
10/3/2023 16:00:00,246.53
10/2/2023 16:00:00,251.6
9/29/2023 16:00:00,250.22
9/28/2023 16:00:00,246.38
9/27/2023 16:00:00,240.5
9/26/2023 16:00:00,244.12
9/25/2023 16:00:00,246.99
9/22/2023 16:00:00,244.88
9/21/2023 16:00:00,255.7
9/20/2023 16:00:00,262.59
9/19/2023 16:00:00,266.5
9/18/2023 16:00:00,265.28
9/15/2023 16:00:00,274.39
9/14/2023 16:00:00,276.04
9/13/2023 16:00:00,271.3
9/12/2023 16:00:00,267.48
9/11/2023 16:00:00,273.58
9/8/2023 16:00:00,248.5
9/7/2023 16:00:00,251.49
9/6/2023 16:00:00,251.92
9/5/2023 16:00:00,256.49
9/1/2023 16:00:00,245.01
8/31/2023 16:00:00,258.08
8/30/2023 16:00:00,256.9
8/29/2023 16:00:00,257.18
8/28/2023 16:00:00,238.82
8/25/2023 16:00:00,238.59
8/24/2023 16:00:00,230.04
8/23/2023 16:00:00,236.86
8/22/2023 16:00:00,233.19
8/21/2023 16:00:00,231.28
8/18/2023 16:00:00,215.49
8/17/2023 16:00:00,219.22
8/16/2023 16:00:00,225.6
8/15/2023 16:00:00,232.96
8/14/2023 16:00:00,239.76
8/11/2023 16:00:00,242.65
8/10/2023 16:00:00,245.34
8/9/2023 16:00:00,242.19
8/8/2023 16:00:00,249.7
8/7/2023 16:00:00,251.45
8/4/2023 16:00:00,253.86
8/3/2023 16:00:00,259.32
8/2/2023 16:00:00,254.11
8/1/2023 16:00:00,261.07
7/31/2023 16:00:00,267.43
7/28/2023 16:00:00,266.44
7/27/2023 16:00:00,255.71
7/26/2023 16:00:00,264.35
7/25/2023 16:00:00,265.28
7/24/2023 16:00:00,269.06
7/21/2023 16:00:00,260.02
7/20/2023 16:00:00,262.9
7/19/2023 16:00:00,291.26
7/18/2023 16:00:00,293.34
7/17/2023 16:00:00,290.38
7/14/2023 16:00:00,281.38
7/13/2023 16:00:00,277.9
7/12/2023 16:00:00,271.99
7/11/2023 16:00:00,269.79
7/10/2023 16:00:00,269.61
7/7/2023 16:00:00,274.43
7/6/2023 16:00:00,276.54
7/5/2023 16:00:00,282.48
7/3/2023 13:05:00,279.82
6/30/2023 16:00:00,261.77
6/29/2023 16:00:00,257.5
6/28/2023 16:00:00,256.24
6/27/2023 16:00:00,250.21
6/26/2023 16:00:00,241.05
6/23/2023 16:00:00,256.6
6/22/2023 16:00:00,264.61
6/21/2023 16:00:00,259.46
6/20/2023 16:00:00,274.45
6/16/2023 16:00:00,260.54
6/15/2023 16:00:00,255.9
6/14/2023 16:00:00,256.79
6/13/2023 16:00:00,258.71
6/12/2023 16:00:00,249.83
6/9/2023 16:00:00,244.4
6/8/2023 16:00:00,234.86
6/7/2023 16:00:00,224.57
6/6/2023 16:00:00,221.31
6/5/2023 16:00:00,217.61
6/2/2023 16:00:00,213.97
6/1/2023 16:00:00,207.52
5/31/2023 16:00:00,203.93
5/30/2023 16:00:00,201.16
5/26/2023 16:00:00,193.17
5/25/2023 16:00:00,184.47
5/24/2023 16:00:00,182.9
5/23/2023 16:00:00,185.77
5/22/2023 16:00:00,188.87
5/19/2023 16:00:00,180.14
5/18/2023 16:00:00,176.89
5/17/2023 16:00:00,173.86
5/16/2023 16:00:00,166.52
5/15/2023 16:00:00,166.35
5/12/2023 16:00:00,167.98
5/11/2023 16:00:00,172.08
5/10/2023 16:00:00,168.54
5/9/2023 16:00:00,169.15
5/8/2023 16:00:00,171.79
5/5/2023 16:00:00,170.06
5/4/2023 16:00:00,161.2
5/3/2023 16:00:00,160.61
5/2/2023 16:00:00,160.31
5/1/2023 16:00:00,161.83
4/28/2023 16:00:00,164.31
4/27/2023 16:00:00,160.19
4/26/2023 16:00:00,153.75
4/25/2023 16:00:00,160.67
4/24/2023 16:00:00,162.55
4/21/2023 16:00:00,165.08
4/20/2023 16:00:00,162.99
4/19/2023 16:00:00,180.59
4/18/2023 16:00:00,184.31
4/17/2023 16:00:00,187.04
4/14/2023 16:00:00,185
4/13/2023 16:00:00,185.9
4/12/2023 16:00:00,180.54
4/11/2023 16:00:00,186.79
4/10/2023 16:00:00,184.51
4/6/2023 16:00:00,185.06
4/5/2023 16:00:00,185.52
4/4/2023 16:00:00,192.58
4/3/2023 16:00:00,194.77
3/31/2023 16:00:00,207.46
3/30/2023 16:00:00,195.28
3/29/2023 16:00:00,193.88
3/28/2023 16:00:00,189.19
3/27/2023 16:00:00,191.81
3/24/2023 16:00:00,190.41
3/23/2023 16:00:00,192.22
3/22/2023 16:00:00,191.15
3/21/2023 16:00:00,197.58
3/20/2023 16:00:00,183.25
3/17/2023 16:00:00,180.13
3/16/2023 16:00:00,184.13
3/15/2023 16:00:00,180.45
3/14/2023 16:00:00,183.26
3/13/2023 16:00:00,174.48
3/10/2023 16:00:00,173.44
3/9/2023 16:00:00,172.92
3/8/2023 16:00:00,182
3/7/2023 16:00:00,187.71
3/6/2023 16:00:00,193.81
3/3/2023 16:00:00,197.79
3/2/2023 16:00:00,190.9
3/1/2023 16:00:00,202.77
2/28/2023 16:00:00,205.71
2/27/2023 16:00:00,207.63
2/24/2023 16:00:00,196.88
2/23/2023 16:00:00,202.07
2/22/2023 16:00:00,200.86
2/21/2023 16:00:00,197.37
2/17/2023 16:00:00,208.31
2/16/2023 16:00:00,202.04
2/15/2023 16:00:00,214.24
2/14/2023 16:00:00,209.25
2/13/2023 16:00:00,194.64
2/10/2023 16:00:00,196.89
2/9/2023 16:00:00,207.32
2/8/2023 16:00:00,201.29
2/7/2023 16:00:00,196.81
2/6/2023 16:00:00,194.76
2/3/2023 16:00:00,189.98
2/2/2023 16:00:00,188.27
2/1/2023 16:00:00,181.41
1/31/2023 16:00:00,173.22
1/30/2023 16:00:00,166.66
1/27/2023 16:00:00,177.9
1/26/2023 16:00:00,160.27
1/25/2023 16:00:00,144.43
1/24/2023 16:00:00,143.89
1/23/2023 16:00:00,143.75
1/20/2023 16:00:00,133.42
1/19/2023 16:00:00,127.17
1/18/2023 16:00:00,128.78
1/17/2023 16:00:00,131.49
1/13/2023 16:00:00,122.4
1/12/2023 16:00:00,123.56
1/11/2023 16:00:00,123.22
1/10/2023 16:00:00,118.85
1/9/2023 16:00:00,119.77
1/6/2023 16:00:00,113.06
1/5/2023 16:00:00,110.34
1/4/2023 16:00:00,113.64
1/3/2023 16:00:00,108.1
12/30/2022 16:00:00,123.18
12/29/2022 16:00:00,121.82
12/28/2022 16:00:00,112.71
12/27/2022 16:00:00,109.1
12/23/2022 16:00:00,123.15
12/22/2022 16:00:00,125.35
12/21/2022 16:00:00,137.57
12/20/2022 16:00:00,137.8
12/19/2022 16:00:00,149.87
12/16/2022 16:00:00,150.23
12/15/2022 16:00:00,157.67
12/14/2022 16:00:00,156.8
12/13/2022 16:00:00,160.95
12/12/2022 16:00:00,167.82
12/9/2022 16:00:00,179.05
12/8/2022 16:00:00,173.44
12/7/2022 16:00:00,174.04
12/6/2022 16:00:00,179.82
12/5/2022 16:00:00,182.45
12/2/2022 16:00:00,194.86
12/1/2022 16:00:00,194.7
11/30/2022 16:00:00,194.7
11/29/2022 16:00:00,180.83
11/28/2022 16:00:00,182.92
11/25/2022 13:05:00,182.86
11/23/2022 16:00:00,183.2
11/22/2022 16:00:00,169.91
11/21/2022 16:00:00,167.87
11/18/2022 16:00:00,180.19
11/17/2022 16:00:00,183.17
11/16/2022 16:00:00,186.92
11/15/2022 16:00:00,194.42
11/14/2022 16:00:00,190.95
11/11/2022 16:00:00,195.97
11/10/2022 16:00:00,190.72
11/9/2022 16:00:00,177.59
11/8/2022 16:00:00,191.3
11/7/2022 16:00:00,197.08
11/4/2022 16:00:00,207.47
11/3/2022 16:00:00,215.31
11/2/2022 16:00:00,214.98
11/1/2022 16:00:00,227.82
10/31/2022 16:00:00,227.54
10/28/2022 16:00:00,228.52
10/27/2022 16:00:00,225.09
10/26/2022 16:00:00,224.64
10/25/2022 16:00:00,222.42
10/24/2022 16:00:00,211.25
10/21/2022 16:00:00,214.44
10/20/2022 16:00:00,207.28
10/19/2022 16:00:00,222.04
10/18/2022 16:00:00,220.19
10/17/2022 16:00:00,219.35
10/14/2022 16:00:00,204.99
10/13/2022 16:00:00,221.72
10/12/2022 16:00:00,217.24
10/11/2022 16:00:00,216.5
10/10/2022 16:00:00,222.96
10/7/2022 16:00:00,223.07
10/6/2022 16:00:00,238.13
10/5/2022 16:00:00,240.81
10/4/2022 16:00:00,249.44
10/3/2022 16:00:00,242.4
9/30/2022 16:00:00,265.25
9/29/2022 16:00:00,268.21
9/28/2022 16:00:00,287.81
9/27/2022 16:00:00,282.94
9/26/2022 16:00:00,276.01
9/23/2022 16:00:00,275.33
9/22/2022 16:00:00,288.59
9/21/2022 16:00:00,300.8
9/20/2022 16:00:00,308.73
9/19/2022 16:00:00,309.07
9/16/2022 16:00:00,303.35
9/15/2022 16:00:00,303.75
9/14/2022 16:00:00,302.61
9/13/2022 16:00:00,292.13
9/12/2022 16:00:00,304.42
9/9/2022 16:00:00,299.68
9/8/2022 16:00:00,289.26
9/7/2022 16:00:00,283.7
9/6/2022 16:00:00,274.42
9/2/2022 16:00:00,270.21
9/1/2022 16:00:00,277.16
8/31/2022 16:00:00,275.61
8/30/2022 16:00:00,277.7
8/29/2022 16:00:00,284.82
8/26/2022 16:00:00,288.09
8/25/2022 16:00:00,296.07
8/24/2022 16:00:00,297.1
8/23/2022 16:00:00,296.45
8/22/2022 16:00:00,289.91
8/19/2022 16:00:00,296.67
8/18/2022 16:00:00,302.87
8/17/2022 16:00:00,304
8/16/2022 16:00:00,306.56
8/15/2022 16:00:00,309.32
8/12/2022 16:00:00,300.03
8/11/2022 16:00:00,286.63
8/10/2022 16:00:00,294.36
8/9/2022 16:00:00,283.33
8/8/2022 16:00:00,290.42
8/5/2022 16:00:00,288.17
8/4/2022 16:00:00,308.63
8/3/2022 16:00:00,307.4
8/2/2022 16:00:00,300.59
8/1/2022 16:00:00,297.28
7/29/2022 16:00:00,297.15
7/28/2022 16:00:00,280.9
7/27/2022 16:00:00,274.82
7/26/2022 16:00:00,258.86
7/25/2022 16:00:00,268.43
7/22/2022 16:00:00,272.24
7/21/2022 16:00:00,271.71
7/20/2022 16:00:00,247.5
7/19/2022 16:00:00,245.53
7/18/2022 16:00:00,240.55
7/15/2022 16:00:00,240.07
7/14/2022 16:00:00,238.31
7/13/2022 16:00:00,237.04
7/12/2022 16:00:00,233.07
7/11/2022 16:00:00,234.34
7/8/2022 16:00:00,250.76
7/7/2022 16:00:00,244.54
7/6/2022 16:00:00,231.73
7/5/2022 16:00:00,233.07
7/1/2022 16:00:00,227.26
6/30/2022 16:00:00,224.47
6/29/2022 16:00:00,228.49
6/28/2022 16:00:00,232.66
6/27/2022 16:00:00,244.92
6/24/2022 16:00:00,245.71
6/23/2022 16:00:00,235.07
6/22/2022 16:00:00,236.09
6/21/2022 16:00:00,237.04
6/17/2022 16:00:00,216.76
6/16/2022 16:00:00,213.1
6/15/2022 16:00:00,233
6/14/2022 16:00:00,220.89
6/13/2022 16:00:00,215.74
6/10/2022 16:00:00,232.23
6/9/2022 16:00:00,239.71
6/8/2022 16:00:00,241.87
6/7/2022 16:00:00,238.89
6/6/2022 16:00:00,238.28
6/3/2022 16:00:00,234.52
6/2/2022 16:00:00,258.33
6/1/2022 16:00:00,246.79
5/31/2022 16:00:00,252.75
5/27/2022 16:00:00,253.21
5/26/2022 16:00:00,235.91
5/25/2022 16:00:00,219.6
5/24/2022 16:00:00,209.39
5/23/2022 16:00:00,224.97
5/20/2022 16:00:00,221.3
5/19/2022 16:00:00,236.47
5/18/2022 16:00:00,236.6
5/17/2022 16:00:00,253.87
5/16/2022 16:00:00,241.46
5/13/2022 16:00:00,256.53
5/12/2022 16:00:00,242.67
5/11/2022 16:00:00,244.67
5/10/2022 16:00:00,266.68
5/9/2022 16:00:00,262.37
5/6/2022 16:00:00,288.55
5/5/2022 16:00:00,291.09
5/4/2022 16:00:00,317.54
5/3/2022 16:00:00,303.08
5/2/2022 16:00:00,300.98
4/29/2022 16:00:00,290.25
4/28/2022 16:00:00,292.5
4/27/2022 16:00:00,293.84
4/26/2022 16:00:00,292.14
4/25/2022 16:00:00,332.67
4/22/2022 16:00:00,335.02
4/21/2022 16:00:00,336.26
4/20/2022 16:00:00,325.73
4/19/2022 16:00:00,342.72
4/18/2022 16:00:00,334.76
4/14/2022 16:00:00,328.33
4/13/2022 16:00:00,340.79
4/12/2022 16:00:00,328.98
4/11/2022 16:00:00,325.31
4/8/2022 16:00:00,341.83
4/7/2022 16:00:00,352.42
4/6/2022 16:00:00,348.59
4/5/2022 16:00:00,363.75
4/4/2022 16:00:00,381.82
4/1/2022 16:00:00,361.53
3/31/2022 16:00:00,359.2
3/30/2022 16:00:00,364.66
3/29/2022 16:00:00,366.52
3/28/2022 16:00:00,363.95
3/25/2022 16:00:00,336.88
3/24/2022 16:00:00,337.97
3/23/2022 16:00:00,333.04
3/22/2022 16:00:00,331.33
3/21/2022 16:00:00,307.05
3/18/2022 16:00:00,301.8
3/17/2022 16:00:00,290.53
3/16/2022 16:00:00,280.08
3/15/2022 16:00:00,267.3
3/14/2022 16:00:00,255.46
3/11/2022 16:00:00,265.12
3/10/2022 16:00:00,279.43
3/9/2022 16:00:00,286.32
3/8/2022 16:00:00,274.8
3/7/2022 16:00:00,268.19
3/4/2022 16:00:00,279.43
3/3/2022 16:00:00,279.76
3/2/2022 16:00:00,293.3
3/1/2022 16:00:00,288.12
2/28/2022 16:00:00,290.14
2/25/2022 16:00:00,269.96
2/24/2022 16:00:00,266.92
2/23/2022 16:00:00,254.68
2/22/2022 16:00:00,273.84
2/18/2022 16:00:00,285.66
2/17/2022 16:00:00,292.12
2/16/2022 16:00:00,307.8
2/15/2022 16:00:00,307.48
2/14/2022 16:00:00,291.92
2/11/2022 16:00:00,286.67
2/10/2022 16:00:00,301.52
2/9/2022 16:00:00,310.67
2/8/2022 16:00:00,307.33
2/7/2022 16:00:00,302.45
2/4/2022 16:00:00,307.77
2/3/2022 16:00:00,297.05
2/2/2022 16:00:00,301.89
2/1/2022 16:00:00,310.42
1/31/2022 16:00:00,312.24
1/28/2022 16:00:00,282.12
1/27/2022 16:00:00,276.37
1/26/2022 16:00:00,312.47
1/25/2022 16:00:00,306.13
1/24/2022 16:00:00,310
1/21/2022 16:00:00,314.63
1/20/2022 16:00:00,332.09
1/19/2022 16:00:00,331.88
1/18/2022 16:00:00,343.5
1/14/2022 16:00:00,349.87
1/13/2022 16:00:00,343.85
1/12/2022 16:00:00,368.74
1/11/2022 16:00:00,354.8
1/10/2022 16:00:00,352.71
1/7/2022 16:00:00,342.32
1/6/2022 16:00:00,354.9
1/5/2022 16:00:00,362.71
1/4/2022 16:00:00,383.2
1/3/2022 16:00:00,399.93
12/31/2021 16:00:00,352.26
12/30/2021 16:00:00,356.78
12/29/2021 16:00:00,362.06
12/28/2021 16:00:00,362.82
12/27/2021 16:00:00,364.65
12/23/2021 16:00:00,355.67
12/22/2021 16:00:00,336.29
12/21/2021 16:00:00,312.84
12/20/2021 16:00:00,299.98
12/17/2021 16:00:00,310.86
12/16/2021 16:00:00,308.97
12/15/2021 16:00:00,325.33
12/14/2021 16:00:00,319.5
12/13/2021 16:00:00,322.14
12/10/2021 16:00:00,339.01
12/9/2021 16:00:00,334.6
12/8/2021 16:00:00,356.32
12/7/2021 16:00:00,350.58
12/6/2021 16:00:00,336.34
12/3/2021 16:00:00,338.32
12/2/2021 16:00:00,361.53
12/1/2021 16:00:00,365
11/30/2021 16:00:00,381.59
11/29/2021 16:00:00,379
11/26/2021 13:00:00,360.64
11/24/2021 16:00:00,372
11/23/2021 16:00:00,369.68
11/22/2021 16:00:00,385.62
11/19/2021 16:00:00,379.02
11/18/2021 16:00:00,365.46
11/17/2021 16:00:00,363
11/16/2021 16:00:00,351.58
11/15/2021 16:00:00,337.8
11/12/2021 16:00:00,344.47
11/11/2021 16:00:00,354.5
11/10/2021 16:00:00,355.98
11/9/2021 16:00:00,341.17
11/8/2021 16:00:00,387.65
11/5/2021 16:00:00,407.36
11/4/2021 16:00:00,409.97
11/3/2021 16:00:00,404.62
11/2/2021 16:00:00,390.67
11/1/2021 16:00:00,402.86
10/29/2021 16:00:00,371.33
10/28/2021 16:00:00,359.01
10/27/2021 16:00:00,345.95
10/26/2021 16:00:00,339.48
10/25/2021 16:00:00,341.62
10/22/2021 16:00:00,303.23
10/21/2021 16:00:00,298
10/20/2021 16:00:00,288.6
10/19/2021 16:00:00,288.09
10/18/2021 16:00:00,290.04
10/15/2021 16:00:00,281.01
10/14/2021 16:00:00,272.77
10/13/2021 16:00:00,270.36
10/12/2021 16:00:00,268.57
10/11/2021 16:00:00,263.98
10/8/2021 16:00:00,261.83
10/7/2021 16:00:00,264.54
10/6/2021 16:00:00,260.92
10/5/2021 16:00:00,260.2
10/4/2021 16:00:00,260.51
10/1/2021 16:00:00,258.41
9/30/2021 16:00:00,258.49
9/29/2021 16:00:00,260.44
9/28/2021 16:00:00,259.19
9/27/2021 16:00:00,263.79
9/24/2021 16:00:00,258.13
9/23/2021 16:00:00,251.21
9/22/2021 16:00:00,250.65
9/21/2021 16:00:00,246.46
9/20/2021 16:00:00,243.39
9/17/2021 16:00:00,253.16
9/16/2021 16:00:00,252.33
9/15/2021 16:00:00,251.94
9/14/2021 16:00:00,248.16
9/13/2021 16:00:00,247.67
9/10/2021 16:00:00,245.42
9/9/2021 16:00:00,251.62
9/8/2021 16:00:00,251.29
9/7/2021 16:00:00,250.97
9/3/2021 16:00:00,244.52
9/2/2021 16:00:00,244.13
9/1/2021 16:00:00,244.7
8/31/2021 16:00:00,245.24
8/30/2021 16:00:00,243.64
8/27/2021 16:00:00,237.31
8/26/2021 16:00:00,233.72
8/25/2021 16:00:00,237.07
8/24/2021 16:00:00,236.16
8/23/2021 16:00:00,235.43
8/20/2021 16:00:00,226.75
8/19/2021 16:00:00,224.49
8/18/2021 16:00:00,229.66
8/17/2021 16:00:00,221.9
8/16/2021 16:00:00,228.72
8/13/2021 16:00:00,239.06
8/12/2021 16:00:00,240.75
8/11/2021 16:00:00,235.94
8/10/2021 16:00:00,236.66
8/9/2021 16:00:00,237.92
8/6/2021 16:00:00,233.03
8/5/2021 16:00:00,238.21
8/4/2021 16:00:00,236.97
8/3/2021 16:00:00,236.58
8/2/2021 16:00:00,236.56
7/30/2021 16:00:00,229.07
7/29/2021 16:00:00,225.78
7/28/2021 16:00:00,215.66
7/27/2021 16:00:00,214.93
7/26/2021 16:00:00,219.21
7/23/2021 16:00:00,214.46
7/22/2021 16:00:00,216.42
7/21/2021 16:00:00,218.43
7/20/2021 16:00:00,220.17
7/19/2021 16:00:00,215.41
7/16/2021 16:00:00,214.74
7/15/2021 16:00:00,216.87
7/14/2021 16:00:00,217.79
7/13/2021 16:00:00,222.85
7/12/2021 16:00:00,228.57
7/9/2021 16:00:00,218.98
7/8/2021 16:00:00,217.6
7/7/2021 16:00:00,214.88
7/6/2021 16:00:00,219.86
7/2/2021 16:00:00,226.3
7/1/2021 16:00:00,225.97
6/30/2021 16:00:00,226.57
6/29/2021 16:00:00,226.92
6/28/2021 16:00:00,229.57
6/25/2021 16:00:00,223.96
6/24/2021 16:00:00,226.61
6/23/2021 16:00:00,218.86
6/22/2021 16:00:00,207.9
6/21/2021 16:00:00,206.94
6/18/2021 16:00:00,207.77
6/17/2021 16:00:00,205.53
6/16/2021 16:00:00,201.62
6/15/2021 16:00:00,199.79
6/14/2021 16:00:00,205.9
6/11/2021 16:00:00,203.3
6/10/2021 16:00:00,203.37
6/9/2021 16:00:00,199.59
6/8/2021 16:00:00,201.2
6/7/2021 16:00:00,201.71
6/4/2021 16:00:00,199.68
6/3/2021 16:00:00,190.95
6/2/2021 16:00:00,201.71
6/1/2021 16:00:00,207.97
5/28/2021 16:00:00,208.41
5/27/2021 16:00:00,210.28
5/26/2021 16:00:00,206.38
5/25/2021 16:00:00,201.56
5/24/2021 16:00:00,202.15
5/21/2021 16:00:00,193.63
5/20/2021 16:00:00,195.59
5/19/2021 16:00:00,187.82
5/18/2021 16:00:00,192.62
5/17/2021 16:00:00,192.28
5/14/2021 16:00:00,196.58
5/13/2021 16:00:00,190.56
5/12/2021 16:00:00,196.63
5/11/2021 16:00:00,205.73
5/10/2021 16:00:00,209.68
5/7/2021 16:00:00,224.12
5/6/2021 16:00:00,221.18
5/5/2021 16:00:00,223.65
5/4/2021 16:00:00,224.53
5/3/2021 16:00:00,228.3
4/30/2021 16:00:00,236.48
4/29/2021 16:00:00,225.67
4/28/2021 16:00:00,231.47
4/27/2021 16:00:00,234.91
4/26/2021 16:00:00,246.07
4/23/2021 16:00:00,243.13
4/22/2021 16:00:00,239.9
4/21/2021 16:00:00,248.04
4/20/2021 16:00:00,239.66
4/19/2021 16:00:00,238.21
4/16/2021 16:00:00,246.59
4/15/2021 16:00:00,246.28
4/14/2021 16:00:00,244.08
4/13/2021 16:00:00,254.11
4/12/2021 16:00:00,233.99
4/9/2021 16:00:00,225.67
4/8/2021 16:00:00,227.93
4/7/2021 16:00:00,223.66
4/6/2021 16:00:00,230.54
4/5/2021 16:00:00,230.35
4/1/2021 16:00:00,220.58
3/31/2021 16:00:00,222.64
3/30/2021 16:00:00,211.87
3/29/2021 16:00:00,203.76
3/26/2021 16:00:00,206.24
3/25/2021 16:00:00,213.46
3/24/2021 16:00:00,210.09
3/23/2021 16:00:00,220.72
3/22/2021 16:00:00,223.33
3/19/2021 16:00:00,218.29
3/18/2021 16:00:00,217.72
3/17/2021 16:00:00,233.94
3/16/2021 16:00:00,225.63
3/15/2021 16:00:00,235.98
3/12/2021 16:00:00,231.24
3/11/2021 16:00:00,233.2
3/10/2021 16:00:00,222.69
3/9/2021 16:00:00,224.53
3/8/2021 16:00:00,187.67
3/5/2021 16:00:00,199.32
3/4/2021 16:00:00,207.15
3/3/2021 16:00:00,217.73
3/2/2021 16:00:00,228.81
3/1/2021 16:00:00,239.48
2/26/2021 16:00:00,225.17
2/25/2021 16:00:00,227.41
2/24/2021 16:00:00,247.34
2/23/2021 16:00:00,232.95
2/22/2021 16:00:00,238.17
2/19/2021 16:00:00,260.43
2/18/2021 16:00:00,262.46
2/17/2021 16:00:00,266.05
2/16/2021 16:00:00,265.41
2/12/2021 16:00:00,272.04
2/11/2021 16:00:00,270.55
2/10/2021 16:00:00,268.27
2/9/2021 16:00:00,283.15
2/8/2021 16:00:00,287.81
2/5/2021 16:00:00,284.08
2/4/2021 16:00:00,283.33
2/3/2021 16:00:00,284.9
2/2/2021 16:00:00,290.93
2/1/2021 16:00:00,279.94
1/29/2021 16:00:00,264.51
1/28/2021 16:00:00,278.48
1/27/2021 16:00:00,288.05
1/26/2021 16:00:00,294.36
1/25/2021 16:00:00,293.6
1/22/2021 16:00:00,282.21
1/21/2021 16:00:00,281.66
1/20/2021 16:00:00,283.48
1/19/2021 16:00:00,281.52
1/15/2021 16:00:00,275.39
1/14/2021 16:00:00,281.67
1/13/2021 16:00:00,284.8
1/12/2021 16:00:00,283.15
1/11/2021 16:00:00,270.4
1/8/2021 16:00:00,293.34
1/7/2021 16:00:00,272.01
1/6/2021 16:00:00,251.99
1/5/2021 16:00:00,245.04
1/4/2021 16:00:00,243.26
12/31/2020 16:00:00,235.22
12/30/2020 16:00:00,231.59
12/29/2020 16:00:00,222
12/28/2020 16:00:00,221.23
12/24/2020 13:00:00,220.59
12/23/2020 16:00:00,215.33
12/22/2020 16:00:00,213.45
12/21/2020 16:00:00,216.62
12/18/2020 16:00:00,231.67
12/17/2020 16:00:00,218.63
12/16/2020 16:00:00,207.59
12/15/2020 16:00:00,211.08
12/14/2020 16:00:00,213.28
12/11/2020 16:00:00,203.33
12/10/2020 16:00:00,209.02
12/9/2020 16:00:00,201.49
12/8/2020 16:00:00,216.63
12/7/2020 16:00:00,213.92
12/4/2020 16:00:00,199.68
12/3/2020 16:00:00,197.79
12/2/2020 16:00:00,189.61
12/1/2020 16:00:00,194.92
11/30/2020 16:00:00,189.2
11/27/2020 13:00:00,195.25
11/25/2020 16:00:00,191.33
11/24/2020 16:00:00,185.13
11/23/2020 16:00:00,173.95
11/20/2020 16:00:00,163.2
11/19/2020 16:00:00,166.42
11/18/2020 16:00:00,162.21
11/17/2020 16:00:00,147.2
11/16/2020 16:00:00,136.03
11/13/2020 16:00:00,136.17
11/12/2020 16:00:00,137.25
11/11/2020 16:00:00,139.04
11/10/2020 16:00:00,136.79
11/9/2020 16:00:00,140.42
11/6/2020 16:00:00,143.32
11/5/2020 16:00:00,146.03
11/4/2020 16:00:00,140.33
11/3/2020 16:00:00,141.3
11/2/2020 16:00:00,133.5
10/30/2020 16:00:00,129.35
10/29/2020 16:00:00,136.94
10/28/2020 16:00:00,135.34
10/27/2020 16:00:00,141.56
10/26/2020 16:00:00,140.09
10/23/2020 16:00:00,140.21
10/22/2020 16:00:00,141.93
10/21/2020 16:00:00,140.88
10/20/2020 16:00:00,140.65
10/19/2020 16:00:00,143.61
10/16/2020 16:00:00,146.56
10/15/2020 16:00:00,149.63
10/14/2020 16:00:00,153.77
10/13/2020 16:00:00,148.88
10/12/2020 16:00:00,147.43
10/9/2020 16:00:00,144.67
10/8/2020 16:00:00,141.97
10/7/2020 16:00:00,141.77
10/6/2020 16:00:00,137.99
10/5/2020 16:00:00,141.89
10/2/2020 16:00:00,138.36
10/1/2020 16:00:00,149.39
9/30/2020 16:00:00,143
9/29/2020 16:00:00,139.69
9/28/2020 16:00:00,140.4
9/25/2020 16:00:00,135.78
9/24/2020 16:00:00,129.26
9/23/2020 16:00:00,126.79
9/22/2020 16:00:00,141.41
9/21/2020 16:00:00,149.8
9/18/2020 16:00:00,147.38
9/17/2020 16:00:00,141.14
9/16/2020 16:00:00,147.25
9/15/2020 16:00:00,149.92
9/14/2020 16:00:00,139.87
9/11/2020 16:00:00,124.24
9/10/2020 16:00:00,123.78
9/9/2020 16:00:00,122.09
9/8/2020 16:00:00,110.07
9/4/2020 16:00:00,139.44
9/3/2020 16:00:00,135.67
9/2/2020 16:00:00,149.12
9/1/2020 16:00:00,158.35
8/31/2020 16:00:00,166.11
8/28/2020 16:00:00,147.56
8/27/2020 16:00:00,149.25
8/26/2020 16:00:00,143.54
8/25/2020 16:00:00,134.89
8/24/2020 16:00:00,134.28
8/21/2020 16:00:00,136.67
8/20/2020 16:00:00,133.46
8/19/2020 16:00:00,125.24
8/18/2020 16:00:00,125.81
8/17/2020 16:00:00,122.38
8/14/2020 16:00:00,110.05
8/13/2020 16:00:00,108.07
8/12/2020 16:00:00,103.65
8/11/2020 16:00:00,91.63
8/10/2020 16:00:00,94.57
8/7/2020 16:00:00,96.85
8/6/2020 16:00:00,99.31
8/5/2020 16:00:00,99
8/4/2020 16:00:00,99.13
8/3/2020 16:00:00,99
7/31/2020 16:00:00,95.38
7/30/2020 16:00:00,99.17
7/29/2020 16:00:00,99.94
7/28/2020 16:00:00,98.43
7/27/2020 16:00:00,102.64
7/24/2020 16:00:00,94.47
7/23/2020 16:00:00,100.87
7/22/2020 16:00:00,106.16
7/21/2020 16:00:00,104.56
7/20/2020 16:00:00,109.53
7/17/2020 16:00:00,100.06
7/16/2020 16:00:00,100.04
7/15/2020 16:00:00,103.07
7/14/2020 16:00:00,101.12
7/13/2020 16:00:00,99.8
7/10/2020 16:00:00,102.98
7/9/2020 16:00:00,92.95
7/8/2020 16:00:00,91.06
7/7/2020 16:00:00,92.66
7/6/2020 16:00:00,91.44
7/2/2020 16:00:00,80.58
7/1/2020 16:00:00,74.64
6/30/2020 16:00:00,71.99
6/29/2020 16:00:00,67.29
6/26/2020 16:00:00,63.98
6/25/2020 16:00:00,65.73
6/24/2020 16:00:00,64.06
6/23/2020 16:00:00,66.79
6/22/2020 16:00:00,66.29
6/19/2020 16:00:00,66.73
6/18/2020 16:00:00,66.93
6/17/2020 16:00:00,66.12
6/16/2020 16:00:00,65.48
6/15/2020 16:00:00,66.06
6/12/2020 16:00:00,62.35
6/11/2020 16:00:00,64.86
6/10/2020 16:00:00,68.34
6/9/2020 16:00:00,62.71
6/8/2020 16:00:00,63.33
6/5/2020 16:00:00,59.04
6/4/2020 16:00:00,57.63
6/3/2020 16:00:00,58.86
6/2/2020 16:00:00,58.77
6/1/2020 16:00:00,59.87
5/29/2020 16:00:00,55.67
5/28/2020 16:00:00,53.72
5/27/2020 16:00:00,54.68
5/26/2020 16:00:00,54.59
5/22/2020 16:00:00,54.46
5/21/2020 16:00:00,55.17
5/20/2020 16:00:00,54.37
5/19/2020 16:00:00,53.87
5/18/2020 16:00:00,54.24
5/15/2020 16:00:00,53.28
5/14/2020 16:00:00,53.56
5/13/2020 16:00:00,52.73
5/12/2020 16:00:00,53.96
5/11/2020 16:00:00,54.09
5/8/2020 16:00:00,54.63
5/7/2020 16:00:00,52
5/6/2020 16:00:00,52.17
5/5/2020 16:00:00,51.21
5/4/2020 16:00:00,50.75
5/1/2020 16:00:00,46.75
4/30/2020 16:00:00,52.13
4/29/2020 16:00:00,53.37
4/28/2020 16:00:00,51.27
4/27/2020 16:00:00,53.25
4/24/2020 16:00:00,48.34
4/23/2020 16:00:00,47.04
4/22/2020 16:00:00,48.81
4/21/2020 16:00:00,45.78
4/20/2020 16:00:00,49.76
4/17/2020 16:00:00,50.26
4/16/2020 16:00:00,49.68
4/15/2020 16:00:00,48.66
4/14/2020 16:00:00,47.33
4/13/2020 16:00:00,43.4
4/9/2020 16:00:00,38.2
4/8/2020 16:00:00,36.59
4/7/2020 16:00:00,36.36
4/6/2020 16:00:00,34.42
4/3/2020 16:00:00,32
4/2/2020 16:00:00,30.3
4/1/2020 16:00:00,32.1
3/31/2020 16:00:00,34.93
3/30/2020 16:00:00,33.48
3/27/2020 16:00:00,34.29
3/26/2020 16:00:00,35.21
3/25/2020 16:00:00,35.95
3/24/2020 16:00:00,33.67
3/23/2020 16:00:00,28.95
3/20/2020 16:00:00,28.5
3/19/2020 16:00:00,28.51
3/18/2020 16:00:00,24.08
3/17/2020 16:00:00,28.68
3/16/2020 16:00:00,29.67
3/13/2020 16:00:00,36.44
3/12/2020 16:00:00,37.37
3/11/2020 16:00:00,42.28
3/10/2020 16:00:00,43.02
3/9/2020 16:00:00,40.53
3/6/2020 16:00:00,46.9
3/5/2020 16:00:00,48.3
3/4/2020 16:00:00,49.97
3/3/2020 16:00:00,49.7
3/2/2020 16:00:00,49.57
2/28/2020 16:00:00,44.53
2/27/2020 16:00:00,45.27
2/26/2020 16:00:00,51.92
2/25/2020 16:00:00,53.33
2/24/2020 16:00:00,55.59
2/21/2020 16:00:00,60.07
2/20/2020 16:00:00,59.96
2/19/2020 16:00:00,61.16
2/18/2020 16:00:00,57.23
2/14/2020 16:00:00,53.34
2/13/2020 16:00:00,53.6
2/12/2020 16:00:00,51.15
2/11/2020 16:00:00,51.63
2/10/2020 16:00:00,51.42
2/7/2020 16:00:00,49.87
2/6/2020 16:00:00,49.93
2/5/2020 16:00:00,48.98
2/4/2020 16:00:00,59.14
2/3/2020 16:00:00,52
1/31/2020 16:00:00,43.37
1/30/2020 16:00:00,42.72
1/29/2020 16:00:00,38.73
1/28/2020 16:00:00,37.79
1/27/2020 16:00:00,37.2
1/24/2020 16:00:00,37.65
1/23/2020 16:00:00,38.15
1/22/2020 16:00:00,37.97
1/21/2020 16:00:00,36.48
1/17/2020 16:00:00,34.03
1/16/2020 16:00:00,34.23
1/15/2020 16:00:00,34.57
1/14/2020 16:00:00,35.86
1/13/2020 16:00:00,34.99
1/10/2020 16:00:00,31.88
1/9/2020 16:00:00,32.09
1/8/2020 16:00:00,32.81
1/7/2020 16:00:00,31.27
1/6/2020 16:00:00,30.1
1/3/2020 16:00:00,29.53
1/2/2020 16:00:00,28.68
12/31/2019 16:00:00,27.89
12/30/2019 16:00:00,27.65
12/27/2019 16:00:00,28.69
12/26/2019 16:00:00,28.73
12/24/2019 13:00:00,28.35
12/23/2019 16:00:00,27.95
12/20/2019 16:00:00,27.04
12/19/2019 16:00:00,26.94
12/18/2019 16:00:00,26.21
12/17/2019 16:00:00,25.27
12/16/2019 16:00:00,25.43
12/13/2019 16:00:00,23.89
12/12/2019 16:00:00,23.98
12/11/2019 16:00:00,23.51
12/10/2019 16:00:00,23.26
12/9/2019 16:00:00,22.64
12/6/2019 16:00:00,22.39
12/5/2019 16:00:00,22.02
12/4/2019 16:00:00,22.2
12/3/2019 16:00:00,22.41
12/2/2019 16:00:00,22.32
11/29/2019 13:00:00,22
11/27/2019 16:00:00,22.09
11/26/2019 16:00:00,21.93
11/25/2019 16:00:00,22.42
11/22/2019 16:00:00,22.2
11/21/2019 16:00:00,23.66
11/20/2019 16:00:00,23.48
11/19/2019 16:00:00,23.97
11/18/2019 16:00:00,23.33
11/15/2019 16:00:00,23.48
11/14/2019 16:00:00,23.29
11/13/2019 16:00:00,23.07
11/12/2019 16:00:00,23.33
11/11/2019 16:00:00,23.01
11/8/2019 16:00:00,22.48
11/7/2019 16:00:00,22.37
11/6/2019 16:00:00,21.77
11/5/2019 16:00:00,21.15
11/4/2019 16:00:00,21.16
11/1/2019 16:00:00,20.89
10/31/2019 16:00:00,20.99
10/30/2019 16:00:00,21
10/29/2019 16:00:00,21.08
10/28/2019 16:00:00,21.85
10/25/2019 16:00:00,21.88
10/24/2019 16:00:00,19.98
10/23/2019 16:00:00,16.98
10/22/2019 16:00:00,17.04
10/21/2019 16:00:00,16.9
10/18/2019 16:00:00,17.13
10/17/2019 16:00:00,17.46
10/16/2019 16:00:00,17.32
10/15/2019 16:00:00,17.19
10/14/2019 16:00:00,17.13
10/11/2019 16:00:00,16.53
10/10/2019 16:00:00,16.32
10/9/2019 16:00:00,16.3
10/8/2019 16:00:00,16
10/7/2019 16:00:00,15.85
10/4/2019 16:00:00,15.43
10/3/2019 16:00:00,15.54
10/2/2019 16:00:00,16.21
10/1/2019 16:00:00,16.31
9/30/2019 16:00:00,16.06
9/27/2019 16:00:00,16.14
9/26/2019 16:00:00,16.17
9/25/2019 16:00:00,15.25
9/24/2019 16:00:00,14.88
9/23/2019 16:00:00,16.08
9/20/2019 16:00:00,16.04
9/19/2019 16:00:00,16.44
9/18/2019 16:00:00,16.23
9/17/2019 16:00:00,16.32
9/16/2019 16:00:00,16.19
9/13/2019 16:00:00,16.35
9/12/2019 16:00:00,16.39
9/11/2019 16:00:00,16.47
9/10/2019 16:00:00,15.7
9/9/2019 16:00:00,15.45
9/6/2019 16:00:00,15.16
9/5/2019 16:00:00,15.31
9/4/2019 16:00:00,14.71
9/3/2019 16:00:00,15
8/30/2019 16:00:00,15.04
8/29/2019 16:00:00,14.78
8/28/2019 16:00:00,14.37
8/27/2019 16:00:00,14.27
8/26/2019 16:00:00,14.33
8/23/2019 16:00:00,14.09
8/22/2019 16:00:00,14.81
8/21/2019 16:00:00,14.72
8/20/2019 16:00:00,15.06
8/19/2019 16:00:00,15.12
8/16/2019 16:00:00,14.66
8/15/2019 16:00:00,14.38
8/14/2019 16:00:00,14.64
8/13/2019 16:00:00,15.67
8/12/2019 16:00:00,15.27
8/9/2019 16:00:00,15.67
8/8/2019 16:00:00,15.89
8/7/2019 16:00:00,15.56
8/6/2019 16:00:00,15.38
8/5/2019 16:00:00,15.22
8/2/2019 16:00:00,15.62
8/1/2019 16:00:00,15.59
7/31/2019 16:00:00,16.11
7/30/2019 16:00:00,16.15
7/29/2019 16:00:00,15.72
7/26/2019 16:00:00,15.2
7/25/2019 16:00:00,15.25
7/24/2019 16:00:00,17.66
7/23/2019 16:00:00,17.34
7/22/2019 16:00:00,17.05
7/19/2019 16:00:00,17.21
7/18/2019 16:00:00,16.9
7/17/2019 16:00:00,16.99
7/16/2019 16:00:00,16.83
7/15/2019 16:00:00,16.9
7/12/2019 16:00:00,16.34
7/11/2019 16:00:00,15.91
7/10/2019 16:00:00,15.93
7/9/2019 16:00:00,15.34
7/8/2019 16:00:00,15.36
7/5/2019 16:00:00,15.54
7/3/2019 13:00:00,15.66
7/2/2019 16:00:00,14.97
7/1/2019 16:00:00,15.14
6/28/2019 16:00:00,14.9
6/27/2019 16:00:00,14.86
6/26/2019 16:00:00,14.62
6/25/2019 16:00:00,14.65
6/24/2019 16:00:00,14.91
6/21/2019 16:00:00,14.79
6/20/2019 16:00:00,14.64
6/19/2019 16:00:00,15.1
6/18/2019 16:00:00,14.98
6/17/2019 16:00:00,15
6/14/2019 16:00:00,14.33
6/13/2019 16:00:00,14.26
6/12/2019 16:00:00,13.95
6/11/2019 16:00:00,14.47
6/10/2019 16:00:00,14.19
6/7/2019 16:00:00,13.63
6/6/2019 16:00:00,13.73
6/5/2019 16:00:00,13.11
6/4/2019 16:00:00,12.91
6/3/2019 16:00:00,11.93
5/31/2019 16:00:00,12.34
5/30/2019 16:00:00,12.55
5/29/2019 16:00:00,12.66
5/28/2019 16:00:00,12.58
5/24/2019 16:00:00,12.71
5/23/2019 16:00:00,13.03
5/22/2019 16:00:00,12.85
5/21/2019 16:00:00,13.67
5/20/2019 16:00:00,13.69
5/17/2019 16:00:00,14.07
5/16/2019 16:00:00,15.22
5/15/2019 16:00:00,15.46
5/14/2019 16:00:00,15.49
5/13/2019 16:00:00,15.13
5/10/2019 16:00:00,15.97
5/9/2019 16:00:00,16.13
5/8/2019 16:00:00,16.32
5/7/2019 16:00:00,16.47
5/6/2019 16:00:00,17.02
5/3/2019 16:00:00,17
5/2/2019 16:00:00,16.27
5/1/2019 16:00:00,15.6
4/30/2019 16:00:00,15.91
4/29/2019 16:00:00,16.1
4/26/2019 16:00:00,15.68
4/25/2019 16:00:00,16.51
4/24/2019 16:00:00,17.24
4/23/2019 16:00:00,17.59
4/22/2019 16:00:00,17.52
4/18/2019 16:00:00,18.22
4/17/2019 16:00:00,18.08
4/16/2019 16:00:00,18.22
4/15/2019 16:00:00,17.76
4/12/2019 16:00:00,17.85
4/11/2019 16:00:00,17.89
4/10/2019 16:00:00,18.4
4/9/2019 16:00:00,18.15
4/8/2019 16:00:00,18.21
4/5/2019 16:00:00,18.33
4/4/2019 16:00:00,17.85
4/3/2019 16:00:00,19.45
4/2/2019 16:00:00,19.06
4/1/2019 16:00:00,19.28
3/29/2019 16:00:00,18.66
3/28/2019 16:00:00,18.57
3/27/2019 16:00:00,18.32
3/26/2019 16:00:00,17.85
3/25/2019 16:00:00,17.36
3/22/2019 16:00:00,17.64
3/21/2019 16:00:00,18.27
3/20/2019 16:00:00,18.24
3/19/2019 16:00:00,17.83
3/18/2019 16:00:00,17.97
3/15/2019 16:00:00,18.36
3/14/2019 16:00:00,19.33
3/13/2019 16:00:00,19.26
3/12/2019 16:00:00,18.89
3/11/2019 16:00:00,19.39
3/8/2019 16:00:00,18.94
3/7/2019 16:00:00,18.44
3/6/2019 16:00:00,18.42
3/5/2019 16:00:00,18.44
3/4/2019 16:00:00,19.02
3/1/2019 16:00:00,19.65
2/28/2019 16:00:00,21.33
2/27/2019 16:00:00,20.98
2/26/2019 16:00:00,19.86
2/25/2019 16:00:00,19.92
2/22/2019 16:00:00,19.65
2/21/2019 16:00:00,19.42
2/20/2019 16:00:00,20.17
2/19/2019 16:00:00,20.38
2/15/2019 16:00:00,20.53
2/14/2019 16:00:00,20.25
2/13/2019 16:00:00,20.54
2/12/2019 16:00:00,20.79
2/11/2019 16:00:00,20.86
2/8/2019 16:00:00,20.39
2/7/2019 16:00:00,20.5
2/6/2019 16:00:00,21.15
2/5/2019 16:00:00,21.42
2/4/2019 16:00:00,20.86
2/1/2019 16:00:00,20.81
1/31/2019 16:00:00,20.47
1/30/2019 16:00:00,20.58
1/29/2019 16:00:00,19.83
1/28/2019 16:00:00,19.76
1/25/2019 16:00:00,19.8
1/24/2019 16:00:00,19.43
1/23/2019 16:00:00,19.17
1/22/2019 16:00:00,19.93
1/18/2019 16:00:00,20.15
1/17/2019 16:00:00,23.15
1/16/2019 16:00:00,23.07
1/15/2019 16:00:00,22.96
1/14/2019 16:00:00,22.29
1/11/2019 16:00:00,23.15
1/10/2019 16:00:00,23
1/9/2019 16:00:00,22.57
1/8/2019 16:00:00,22.36
1/7/2019 16:00:00,22.33
1/4/2019 16:00:00,21.18
1/3/2019 16:00:00,20.02
1/2/2019 16:00:00,20.67
12/31/2018 16:00:00,22.19
12/28/2018 16:00:00,22.26
12/27/2018 16:00:00,21.08
12/26/2018 16:00:00,21.74
12/24/2018 13:00:00,19.69
12/21/2018 16:00:00,21.32
12/20/2018 16:00:00,21.03
12/19/2018 16:00:00,22.2
12/18/2018 16:00:00,22.47
12/17/2018 16:00:00,23.23
12/14/2018 16:00:00,24.38
12/13/2018 16:00:00,25.12
12/12/2018 16:00:00,24.44
12/11/2018 16:00:00,24.45
12/10/2018 16:00:00,24.34
12/7/2018 16:00:00,23.86
12/6/2018 16:00:00,24.2
12/4/2018 16:00:00,23.98
12/3/2018 16:00:00,23.9
11/30/2018 16:00:00,23.37
11/29/2018 16:00:00,22.74
11/28/2018 16:00:00,23.19
11/27/2018 16:00:00,22.93
11/26/2018 16:00:00,23.07
11/23/2018 13:00:00,21.72
11/21/2018 16:00:00,22.55
11/20/2018 16:00:00,23.17
11/19/2018 16:00:00,23.56
11/16/2018 16:00:00,23.62
11/15/2018 16:00:00,23.23
11/14/2018 16:00:00,22.93
11/13/2018 16:00:00,22.58
11/12/2018 16:00:00,22.09
11/9/2018 16:00:00,23.37
11/8/2018 16:00:00,23.43
11/7/2018 16:00:00,23.21
11/6/2018 16:00:00,22.74
11/5/2018 16:00:00,22.76
11/2/2018 16:00:00,23.09
11/1/2018 16:00:00,22.95
10/31/2018 16:00:00,22.49
10/30/2018 16:00:00,21.99
10/29/2018 16:00:00,22.32
10/26/2018 16:00:00,22.06
10/25/2018 16:00:00,20.99
10/24/2018 16:00:00,19.23
10/23/2018 16:00:00,19.61
10/22/2018 16:00:00,17.4
10/19/2018 16:00:00,17.33
10/18/2018 16:00:00,17.59
10/17/2018 16:00:00,18.12
10/16/2018 16:00:00,18.44
10/15/2018 16:00:00,17.31
10/12/2018 16:00:00,17.25
10/11/2018 16:00:00,16.82
10/10/2018 16:00:00,17.13
10/9/2018 16:00:00,17.52
10/8/2018 16:00:00,16.7
10/5/2018 16:00:00,17.46
10/4/2018 16:00:00,18.79
10/3/2018 16:00:00,19.65
10/2/2018 16:00:00,20.07
10/1/2018 16:00:00,20.71
9/28/2018 16:00:00,17.65
9/27/2018 16:00:00,20.5
9/26/2018 16:00:00,20.64
9/25/2018 16:00:00,20.07
9/24/2018 16:00:00,19.98
9/21/2018 16:00:00,19.94
9/20/2018 16:00:00,19.89
9/19/2018 16:00:00,19.93
9/18/2018 16:00:00,19
9/17/2018 16:00:00,19.66
9/14/2018 16:00:00,19.68
9/13/2018 16:00:00,19.3
9/12/2018 16:00:00,19.37
9/11/2018 16:00:00,18.63
9/10/2018 16:00:00,19.03
9/7/2018 16:00:00,17.55
9/6/2018 16:00:00,18.73
9/5/2018 16:00:00,18.72
9/4/2018 16:00:00,19.26
8/31/2018 16:00:00,20.11
8/30/2018 16:00:00,20.21
8/29/2018 16:00:00,20.33
8/28/2018 16:00:00,20.79
8/27/2018 16:00:00,21.28
8/24/2018 16:00:00,21.52
8/23/2018 16:00:00,21.34
8/22/2018 16:00:00,21.44
8/21/2018 16:00:00,21.46
8/20/2018 16:00:00,20.56
8/17/2018 16:00:00,20.37
8/16/2018 16:00:00,22.36
8/15/2018 16:00:00,22.58
8/14/2018 16:00:00,23.18
8/13/2018 16:00:00,23.76
8/10/2018 16:00:00,23.7
8/9/2018 16:00:00,23.5
8/8/2018 16:00:00,24.69
8/7/2018 16:00:00,25.3
8/6/2018 16:00:00,22.8
8/3/2018 16:00:00,23.21
8/2/2018 16:00:00,23.3
8/1/2018 16:00:00,20.06
7/31/2018 16:00:00,19.88
7/30/2018 16:00:00,19.34
7/27/2018 16:00:00,19.81
7/26/2018 16:00:00,20.44
7/25/2018 16:00:00,20.58
7/24/2018 16:00:00,19.83
7/23/2018 16:00:00,20.21
7/20/2018 16:00:00,20.91
7/19/2018 16:00:00,21.35
7/18/2018 16:00:00,21.59
7/17/2018 16:00:00,21.51
7/16/2018 16:00:00,20.67
7/13/2018 16:00:00,21.26
7/12/2018 16:00:00,21.11
7/11/2018 16:00:00,21.26
7/10/2018 16:00:00,21.5
7/9/2018 16:00:00,21.23
7/6/2018 16:00:00,20.59
7/5/2018 16:00:00,20.61
7/3/2018 13:00:00,20.72
7/2/2018 16:00:00,22.34
6/29/2018 16:00:00,22.86
6/28/2018 16:00:00,23.33
6/27/2018 16:00:00,22.97
6/26/2018 16:00:00,22.8
6/25/2018 16:00:00,22.2
6/22/2018 16:00:00,22.24
6/21/2018 16:00:00,23.17
6/20/2018 16:00:00,24.15
6/19/2018 16:00:00,23.5
6/18/2018 16:00:00,24.72
6/15/2018 16:00:00,23.88
6/14/2018 16:00:00,23.85
6/13/2018 16:00:00,22.99
6/12/2018 16:00:00,22.85
6/11/2018 16:00:00,22.14
6/8/2018 16:00:00,21.18
6/7/2018 16:00:00,21.07
6/6/2018 16:00:00,21.3
6/5/2018 16:00:00,19.41
6/4/2018 16:00:00,19.78
6/1/2018 16:00:00,19.45
5/31/2018 16:00:00,18.98
5/30/2018 16:00:00,19.45
5/29/2018 16:00:00,18.92
5/25/2018 16:00:00,18.59
5/24/2018 16:00:00,18.52
5/23/2018 16:00:00,18.6
5/22/2018 16:00:00,18.33
5/21/2018 16:00:00,18.97
5/18/2018 16:00:00,18.97
5/17/2018 16:00:00,18.97
5/16/2018 16:00:00,19.1
5/15/2018 16:00:00,18.95
5/14/2018 16:00:00,19.46
5/11/2018 16:00:00,20.07
5/10/2018 16:00:00,20.33
5/9/2018 16:00:00,20.46
5/8/2018 16:00:00,20.13
5/7/2018 16:00:00,20.18
5/4/2018 16:00:00,19.61
5/3/2018 16:00:00,18.96
5/2/2018 16:00:00,20.08
5/1/2018 16:00:00,19.99
4/30/2018 16:00:00,19.59
4/27/2018 16:00:00,19.61
4/26/2018 16:00:00,19.03
4/25/2018 16:00:00,18.71
4/24/2018 16:00:00,18.9
4/23/2018 16:00:00,18.89
4/20/2018 16:00:00,19.35
4/19/2018 16:00:00,20.01
4/18/2018 16:00:00,19.56
4/17/2018 16:00:00,19.18
4/16/2018 16:00:00,19.41
4/13/2018 16:00:00,20.02
4/12/2018 16:00:00,19.61
4/11/2018 16:00:00,20.06
4/10/2018 16:00:00,20.31
4/9/2018 16:00:00,19.31
4/6/2018 16:00:00,19.95
4/5/2018 16:00:00,20.38
4/4/2018 16:00:00,19.13
4/3/2018 16:00:00,17.84
4/2/2018 16:00:00,16.83
3/29/2018 16:00:00,17.74
3/28/2018 16:00:00,17.19
3/27/2018 16:00:00,18.61
3/26/2018 16:00:00,20.28
3/23/2018 16:00:00,20.1
3/22/2018 16:00:00,20.61
3/21/2018 16:00:00,21.1
3/20/2018 16:00:00,20.7
3/19/2018 16:00:00,20.9
3/16/2018 16:00:00,21.42
3/15/2018 16:00:00,21.71
3/14/2018 16:00:00,21.78
3/13/2018 16:00:00,22.79
3/12/2018 16:00:00,23.03
3/9/2018 16:00:00,21.81
3/8/2018 16:00:00,21.94
3/7/2018 16:00:00,22.15
3/6/2018 16:00:00,21.88
3/5/2018 16:00:00,22.22
3/2/2018 16:00:00,22.34
3/1/2018 16:00:00,22.06
2/28/2018 16:00:00,22.87
2/27/2018 16:00:00,23.4
2/26/2018 16:00:00,23.83
2/23/2018 16:00:00,23.47
2/22/2018 16:00:00,23.08
2/21/2018 16:00:00,22.22
2/20/2018 16:00:00,22.32
2/16/2018 16:00:00,22.37
2/15/2018 16:00:00,22.27
2/14/2018 16:00:00,21.49
2/13/2018 16:00:00,21.58
2/12/2018 16:00:00,21.05
2/9/2018 16:00:00,20.69
2/8/2018 16:00:00,21.02
2/7/2018 16:00:00,23
2/6/2018 16:00:00,22.26
2/5/2018 16:00:00,22.21
2/2/2018 16:00:00,22.92
2/1/2018 16:00:00,23.28
1/31/2018 16:00:00,23.62
1/30/2018 16:00:00,23.05
1/29/2018 16:00:00,23.3
1/26/2018 16:00:00,22.86
1/25/2018 16:00:00,22.51
1/24/2018 16:00:00,23.06
1/23/2018 16:00:00,23.52
1/22/2018 16:00:00,23.44
1/19/2018 16:00:00,23.33
1/18/2018 16:00:00,22.97
1/17/2018 16:00:00,23.14
1/16/2018 16:00:00,22.67
1/12/2018 16:00:00,22.41
1/11/2018 16:00:00,22.53
1/10/2018 16:00:00,22.32
1/9/2018 16:00:00,22.25
1/8/2018 16:00:00,22.43
1/5/2018 16:00:00,21.11
1/4/2018 16:00:00,20.97
1/3/2018 16:00:00,21.15
1/2/2018 16:00:00,21.37
12/29/2017 16:00:00,20.76
12/28/2017 16:00:00,21.02
12/27/2017 16:00:00,20.78
12/26/2017 16:00:00,21.15
12/22/2017 16:00:00,21.68
12/21/2017 16:00:00,22.11
12/20/2017 16:00:00,21.93
12/19/2017 16:00:00,22.07
12/18/2017 16:00:00,22.59
12/15/2017 16:00:00,22.9
12/14/2017 16:00:00,22.53
12/13/2017 16:00:00,22.6
12/12/2017 16:00:00,22.74
12/11/2017 16:00:00,21.93
12/8/2017 16:00:00,21.01
12/7/2017 16:00:00,20.75
12/6/2017 16:00:00,20.88
12/5/2017 16:00:00,20.25
12/4/2017 16:00:00,20.35
12/1/2017 16:00:00,20.44
11/30/2017 16:00:00,20.59
11/29/2017 16:00:00,20.5
11/28/2017 16:00:00,21.17
11/27/2017 16:00:00,21.12
11/24/2017 13:00:00,21.04
11/22/2017 16:00:00,20.84
11/21/2017 16:00:00,21.19
11/20/2017 16:00:00,20.58
11/17/2017 16:00:00,21
11/16/2017 16:00:00,20.83
11/15/2017 16:00:00,20.75
11/14/2017 16:00:00,20.58
11/13/2017 16:00:00,21.03
11/10/2017 16:00:00,20.2
11/9/2017 16:00:00,20.2
11/8/2017 16:00:00,20.29
11/7/2017 16:00:00,20.4
11/6/2017 16:00:00,20.19
11/3/2017 16:00:00,20.41
11/2/2017 16:00:00,19.95
11/1/2017 16:00:00,21.41
10/31/2017 16:00:00,22.1
10/30/2017 16:00:00,21.34
10/27/2017 16:00:00,21.39
10/26/2017 16:00:00,21.74
10/25/2017 16:00:00,21.72
10/24/2017 16:00:00,22.49
10/23/2017 16:00:00,22.47
10/20/2017 16:00:00,23.01
10/19/2017 16:00:00,23.45
10/18/2017 16:00:00,23.98
10/17/2017 16:00:00,23.72
10/16/2017 16:00:00,23.37
10/13/2017 16:00:00,23.7
10/12/2017 16:00:00,23.71
10/11/2017 16:00:00,23.64
10/10/2017 16:00:00,23.71
10/9/2017 16:00:00,22.86
10/6/2017 16:00:00,23.79
10/5/2017 16:00:00,23.69
10/4/2017 16:00:00,23.67
10/3/2017 16:00:00,23.21
10/2/2017 16:00:00,22.77
9/29/2017 16:00:00,22.74
9/28/2017 16:00:00,22.64
9/27/2017 16:00:00,22.73
9/26/2017 16:00:00,23.02
9/25/2017 16:00:00,23
9/22/2017 16:00:00,23.41
9/21/2017 16:00:00,24.43
9/20/2017 16:00:00,24.93
9/19/2017 16:00:00,25.01
9/18/2017 16:00:00,25.67
9/15/2017 16:00:00,25.32
9/14/2017 16:00:00,25.18
9/13/2017 16:00:00,24.42
9/12/2017 16:00:00,24.18
9/11/2017 16:00:00,24.25
9/8/2017 16:00:00,22.89
9/7/2017 16:00:00,23.37
9/6/2017 16:00:00,22.97
9/5/2017 16:00:00,23.31
9/1/2017 16:00:00,23.69
8/31/2017 16:00:00,23.73
8/30/2017 16:00:00,23.55
8/29/2017 16:00:00,23.16
8/28/2017 16:00:00,23.04
8/25/2017 16:00:00,23.2
8/24/2017 16:00:00,23.53
8/23/2017 16:00:00,23.52
8/22/2017 16:00:00,22.76
8/21/2017 16:00:00,22.52
8/18/2017 16:00:00,23.16
8/17/2017 16:00:00,23.46
8/16/2017 16:00:00,24.19
8/15/2017 16:00:00,24.16
8/14/2017 16:00:00,24.25
8/11/2017 16:00:00,23.86
8/10/2017 16:00:00,23.69
8/9/2017 16:00:00,24.24
8/8/2017 16:00:00,24.35
8/7/2017 16:00:00,23.68
8/4/2017 16:00:00,23.79
8/3/2017 16:00:00,23.14
8/2/2017 16:00:00,21.73
8/1/2017 16:00:00,21.3
7/31/2017 16:00:00,21.56
7/28/2017 16:00:00,22.34
7/27/2017 16:00:00,22.3
7/26/2017 16:00:00,22.92
7/25/2017 16:00:00,22.64
7/24/2017 16:00:00,22.83
7/21/2017 16:00:00,21.89
7/20/2017 16:00:00,21.99
7/19/2017 16:00:00,21.68
7/18/2017 16:00:00,21.88
7/17/2017 16:00:00,21.3
7/14/2017 16:00:00,21.85
7/13/2017 16:00:00,21.56
7/12/2017 16:00:00,21.97
7/11/2017 16:00:00,21.81
7/10/2017 16:00:00,21.07
7/7/2017 16:00:00,20.88
7/6/2017 16:00:00,20.59
7/5/2017 16:00:00,21.81
7/3/2017 16:00:00,23.51
6/30/2017 16:00:00,24.11
6/29/2017 16:00:00,24.05
6/28/2017 16:00:00,24.75
6/27/2017 16:00:00,24.16
6/26/2017 16:00:00,25.17
6/23/2017 16:00:00,25.56
6/22/2017 16:00:00,25.51
6/21/2017 16:00:00,25.09
6/20/2017 16:00:00,24.82
6/19/2017 16:00:00,24.65
6/16/2017 16:00:00,24.76
6/15/2017 16:00:00,25.02
6/14/2017 16:00:00,25.38
6/13/2017 16:00:00,25.06
6/12/2017 16:00:00,23.93
6/9/2017 16:00:00,23.82
6/8/2017 16:00:00,24.67
6/7/2017 16:00:00,23.98
6/6/2017 16:00:00,23.52
6/5/2017 16:00:00,23.15
6/2/2017 16:00:00,22.66
6/1/2017 16:00:00,22.69
5/31/2017 16:00:00,22.73
5/30/2017 16:00:00,22.34
5/26/2017 16:00:00,21.68
5/25/2017 16:00:00,21.12
5/24/2017 16:00:00,20.68
5/23/2017 16:00:00,20.26
5/22/2017 16:00:00,20.69
5/19/2017 16:00:00,20.72
5/18/2017 16:00:00,20.87
5/17/2017 16:00:00,20.41
5/16/2017 16:00:00,21.13
5/15/2017 16:00:00,21.06
5/12/2017 16:00:00,21.65
5/11/2017 16:00:00,21.54
5/10/2017 16:00:00,21.68
5/9/2017 16:00:00,21.42
5/8/2017 16:00:00,20.48
5/5/2017 16:00:00,20.56
5/4/2017 16:00:00,19.7
5/3/2017 16:00:00,20.73
5/2/2017 16:00:00,21.26
5/1/2017 16:00:00,21.52
4/28/2017 16:00:00,20.94
4/27/2017 16:00:00,20.58
4/26/2017 16:00:00,20.68
4/25/2017 16:00:00,20.92
4/24/2017 16:00:00,20.54
4/21/2017 16:00:00,20.37
4/20/2017 16:00:00,20.17
4/19/2017 16:00:00,20.37
4/18/2017 16:00:00,20.02
4/17/2017 16:00:00,20.1
4/13/2017 16:00:00,20.27
4/12/2017 16:00:00,19.79
4/11/2017 16:00:00,20.58
4/10/2017 16:00:00,20.83
4/7/2017 16:00:00,20.17
4/6/2017 16:00:00,19.91
4/5/2017 16:00:00,19.67
4/4/2017 16:00:00,20.25
4/3/2017 16:00:00,19.9
3/31/2017 16:00:00,18.55
3/30/2017 16:00:00,18.53
3/29/2017 16:00:00,18.49
3/28/2017 16:00:00,18.5
3/27/2017 16:00:00,18.01
3/24/2017 16:00:00,17.54
3/23/2017 16:00:00,16.99
3/22/2017 16:00:00,17
3/21/2017 16:00:00,16.71
3/20/2017 16:00:00,17.46
3/17/2017 16:00:00,17.43
3/16/2017 16:00:00,17.47
3/15/2017 16:00:00,17.05
3/14/2017 16:00:00,17.2
3/13/2017 16:00:00,16.41
3/10/2017 16:00:00,16.25
3/9/2017 16:00:00,16.33
3/8/2017 16:00:00,16.46
3/7/2017 16:00:00,16.57
3/6/2017 16:00:00,16.75
3/3/2017 16:00:00,16.77
3/2/2017 16:00:00,16.7
3/1/2017 16:00:00,16.67
2/28/2017 16:00:00,16.67
2/27/2017 16:00:00,16.42
2/24/2017 16:00:00,17.13
2/23/2017 16:00:00,17.07
2/22/2017 16:00:00,18.23
2/21/2017 16:00:00,18.49
2/17/2017 16:00:00,18.15
2/16/2017 16:00:00,17.93
2/15/2017 16:00:00,18.65
2/14/2017 16:00:00,18.73
2/13/2017 16:00:00,18.71
2/10/2017 16:00:00,17.95
2/9/2017 16:00:00,17.95
2/8/2017 16:00:00,17.47
2/7/2017 16:00:00,17.17
2/6/2017 16:00:00,17.18
2/3/2017 16:00:00,16.76
2/2/2017 16:00:00,16.77
2/1/2017 16:00:00,16.62
1/31/2017 16:00:00,16.8
1/30/2017 16:00:00,16.71
1/27/2017 16:00:00,16.86
1/26/2017 16:00:00,16.83
1/25/2017 16:00:00,16.96
1/24/2017 16:00:00,16.97
1/23/2017 16:00:00,16.59
1/20/2017 16:00:00,16.32
1/19/2017 16:00:00,16.25
1/18/2017 16:00:00,15.89
1/17/2017 16:00:00,15.71
1/13/2017 16:00:00,15.85
1/12/2017 16:00:00,15.31
1/11/2017 16:00:00,15.32
1/10/2017 16:00:00,15.32
1/9/2017 16:00:00,15.42
1/6/2017 16:00:00,15.27
1/5/2017 16:00:00,15.12
1/4/2017 16:00:00,15.13
1/3/2017 16:00:00,14.47
12/30/2016 16:00:00,14.25
12/29/2016 16:00:00,14.31
12/28/2016 16:00:00,14.65
12/27/2016 16:00:00,14.64
12/23/2016 16:00:00,14.22
12/22/2016 16:00:00,13.9
12/21/2016 16:00:00,13.85
12/20/2016 16:00:00,13.92
12/19/2016 16:00:00,13.52
12/16/2016 16:00:00,13.5
12/15/2016 16:00:00,13.17
12/14/2016 16:00:00,13.25
12/13/2016 16:00:00,13.21
12/12/2016 16:00:00,12.83
12/9/2016 16:00:00,12.81
12/8/2016 16:00:00,12.82
12/7/2016 16:00:00,12.88
12/6/2016 16:00:00,12.39
12/5/2016 16:00:00,12.45
12/2/2016 16:00:00,12.1
12/1/2016 16:00:00,12.13
11/30/2016 16:00:00,12.63
11/29/2016 16:00:00,12.64
11/28/2016 16:00:00,13.07
11/25/2016 16:00:00,13.11
11/23/2016 16:00:00,12.88
11/22/2016 16:00:00,12.74
11/21/2016 16:00:00,12.3
11/18/2016 16:00:00,12.33
11/17/2016 16:00:00,12.58
11/16/2016 16:00:00,12.26
11/15/2016 16:00:00,12.25
11/14/2016 16:00:00,12.1
11/11/2016 16:00:00,12.57
11/10/2016 16:00:00,12.36
11/9/2016 16:00:00,12.67
11/8/2016 16:00:00,13
11/7/2016 16:00:00,12.88
11/4/2016 16:00:00,12.7
11/3/2016 16:00:00,12.49
11/2/2016 16:00:00,12.53
11/1/2016 16:00:00,12.72
10/31/2016 16:00:00,13.18
10/28/2016 16:00:00,13.33
10/27/2016 16:00:00,13.6
10/26/2016 16:00:00,13.48
10/25/2016 16:00:00,13.49
10/24/2016 16:00:00,13.52
10/21/2016 16:00:00,13.34
10/20/2016 16:00:00,13.27
10/19/2016 16:00:00,13.57
10/18/2016 16:00:00,13.27
10/17/2016 16:00:00,12.93
10/14/2016 16:00:00,13.1
10/13/2016 16:00:00,13.35
10/12/2016 16:00:00,13.43
10/11/2016 16:00:00,13.34
10/10/2016 16:00:00,13.4
10/7/2016 16:00:00,13.11
10/6/2016 16:00:00,13.4
10/5/2016 16:00:00,13.9
10/4/2016 16:00:00,14.09
10/3/2016 16:00:00,14.25
9/30/2016 16:00:00,13.6
9/29/2016 16:00:00,13.38
9/28/2016 16:00:00,13.75
9/27/2016 16:00:00,13.72
9/26/2016 16:00:00,13.93
9/23/2016 16:00:00,13.83
9/22/2016 16:00:00,13.76
9/21/2016 16:00:00,13.68
9/20/2016 16:00:00,13.64
9/19/2016 16:00:00,13.76
9/16/2016 16:00:00,13.69
9/15/2016 16:00:00,13.36
9/14/2016 16:00:00,13.09
9/13/2016 16:00:00,13.07
9/12/2016 16:00:00,13.22
9/9/2016 16:00:00,12.96
9/8/2016 16:00:00,13.16
9/7/2016 16:00:00,13.45
9/6/2016 16:00:00,13.52
9/2/2016 16:00:00,13.19
9/1/2016 16:00:00,13.38
8/31/2016 16:00:00,14.13
8/30/2016 16:00:00,14.09
8/29/2016 16:00:00,14.35
8/26/2016 16:00:00,14.67
8/25/2016 16:00:00,14.73
8/24/2016 16:00:00,14.84
8/23/2016 16:00:00,14.99
8/22/2016 16:00:00,14.86
8/19/2016 16:00:00,15
8/18/2016 16:00:00,14.9
8/17/2016 16:00:00,14.88
8/16/2016 16:00:00,14.91
8/15/2016 16:00:00,15.04
8/12/2016 16:00:00,15.04
8/11/2016 16:00:00,14.99
8/10/2016 16:00:00,15.04
8/9/2016 16:00:00,15.27
8/8/2016 16:00:00,15.08
8/5/2016 16:00:00,15.34
8/4/2016 16:00:00,15.37
8/3/2016 16:00:00,15.05
8/2/2016 16:00:00,15.15
8/1/2016 16:00:00,15.33
7/29/2016 16:00:00,15.65
7/28/2016 16:00:00,15.37
7/27/2016 16:00:00,15.23
7/26/2016 16:00:00,15.3
7/25/2016 16:00:00,15.33
7/22/2016 16:00:00,14.82
7/21/2016 16:00:00,14.7
7/20/2016 16:00:00,15.22
7/19/2016 16:00:00,15.02
7/18/2016 16:00:00,15.08
7/15/2016 16:00:00,14.69
7/14/2016 16:00:00,14.77
7/13/2016 16:00:00,14.84
7/12/2016 16:00:00,14.98
7/11/2016 16:00:00,14.99
7/8/2016 16:00:00,14.45
7/7/2016 16:00:00,14.4
7/6/2016 16:00:00,14.3
7/5/2016 16:00:00,14.27
7/1/2016 16:00:00,14.43
6/30/2016 16:00:00,14.15
6/29/2016 16:00:00,14.01
6/28/2016 16:00:00,13.45
6/27/2016 16:00:00,13.24
6/24/2016 16:00:00,12.88
6/23/2016 16:00:00,13.09
6/22/2016 16:00:00,13.11
6/21/2016 16:00:00,14.64
6/20/2016 16:00:00,14.65
6/17/2016 16:00:00,14.36
6/16/2016 16:00:00,14.53
6/15/2016 16:00:00,14.51
6/14/2016 16:00:00,14.33
6/13/2016 16:00:00,14.52
6/10/2016 16:00:00,14.59
6/9/2016 16:00:00,15.29
6/8/2016 16:00:00,15.7
6/7/2016 16:00:00,15.49
6/6/2016 16:00:00,14.71
6/3/2016 16:00:00,14.6
6/2/2016 16:00:00,14.6
6/1/2016 16:00:00,14.64
5/31/2016 16:00:00,14.88
5/27/2016 16:00:00,14.87
5/26/2016 16:00:00,15.01
5/25/2016 16:00:00,14.64
5/24/2016 16:00:00,14.53
5/23/2016 16:00:00,14.41
5/20/2016 16:00:00,14.69
5/19/2016 16:00:00,14.35
5/18/2016 16:00:00,14.08
5/17/2016 16:00:00,13.64
5/16/2016 16:00:00,13.89
5/13/2016 16:00:00,13.84
5/12/2016 16:00:00,13.82
5/11/2016 16:00:00,13.93
5/10/2016 16:00:00,13.91
5/9/2016 16:00:00,13.93
5/6/2016 16:00:00,14.33
5/5/2016 16:00:00,14.1
5/4/2016 16:00:00,14.84
5/3/2016 16:00:00,15.49
5/2/2016 16:00:00,16.12
4/29/2016 16:00:00,16.05
4/28/2016 16:00:00,16.51
4/27/2016 16:00:00,16.76
4/26/2016 16:00:00,16.92
4/25/2016 16:00:00,16.79
4/22/2016 16:00:00,16.92
4/21/2016 16:00:00,16.55
4/20/2016 16:00:00,16.66
4/19/2016 16:00:00,16.49
4/18/2016 16:00:00,16.93
4/15/2016 16:00:00,16.97
4/14/2016 16:00:00,16.79
4/13/2016 16:00:00,16.97
4/12/2016 16:00:00,16.52
4/11/2016 16:00:00,16.66
4/8/2016 16:00:00,16.67
4/7/2016 16:00:00,17.15
4/6/2016 16:00:00,17.69
4/5/2016 16:00:00,17.03
4/4/2016 16:00:00,16.47
4/1/2016 16:00:00,15.84
3/31/2016 16:00:00,15.32
3/30/2016 16:00:00,15.13
3/29/2016 16:00:00,15.34
3/28/2016 16:00:00,15.35
3/24/2016 16:00:00,15.18
3/23/2016 16:00:00,14.84
3/22/2016 16:00:00,15.62
3/21/2016 16:00:00,15.89
3/18/2016 16:00:00,15.52
3/17/2016 16:00:00,15.09
3/16/2016 16:00:00,14.8
3/15/2016 16:00:00,14.56
3/14/2016 16:00:00,14.34
3/11/2016 16:00:00,13.83
3/10/2016 16:00:00,13.68
3/9/2016 16:00:00,13.91
3/8/2016 16:00:00,13.51
3/7/2016 16:00:00,13.69
3/4/2016 16:00:00,13.4
3/3/2016 16:00:00,13.05
3/2/2016 16:00:00,12.56
3/1/2016 16:00:00,12.42
2/29/2016 16:00:00,12.8
2/26/2016 16:00:00,12.69
2/25/2016 16:00:00,12.5
2/24/2016 16:00:00,11.93
2/23/2016 16:00:00,11.81
2/22/2016 16:00:00,11.85
2/19/2016 16:00:00,11.11
2/18/2016 16:00:00,11.12
2/17/2016 16:00:00,11.25
2/16/2016 16:00:00,10.34
2/12/2016 16:00:00,10.07
2/11/2016 16:00:00,10.03
2/10/2016 16:00:00,9.58
2/9/2016 16:00:00,9.88
2/8/2016 16:00:00,9.87
2/5/2016 16:00:00,10.84
2/4/2016 16:00:00,11.69
2/3/2016 16:00:00,11.57
2/2/2016 16:00:00,12.19
2/1/2016 16:00:00,13.13
1/29/2016 16:00:00,12.75
1/28/2016 16:00:00,12.65
1/27/2016 16:00:00,12.54
1/26/2016 16:00:00,12.9
1/25/2016 16:00:00,13.09
1/22/2016 16:00:00,13.5
1/21/2016 16:00:00,13.33
1/20/2016 16:00:00,13.25
1/19/2016 16:00:00,13.65
1/15/2016 16:00:00,13.67
1/14/2016 16:00:00,13.75
1/13/2016 16:00:00,13.35
1/12/2016 16:00:00,14
1/11/2016 16:00:00,13.86
1/8/2016 16:00:00,14.07
1/7/2016 16:00:00,14.38
1/6/2016 16:00:00,14.6
1/5/2016 16:00:00,14.9
1/4/2016 16:00:00,14.89
12/31/2015 16:00:00,16
12/30/2015 16:00:00,15.87
12/29/2015 16:00:00,15.81
12/28/2015 16:00:00,15.26
12/24/2015 16:00:00,15.37
12/23/2015 16:00:00,15.31
12/22/2015 16:00:00,15.33
12/21/2015 16:00:00,15.5
12/18/2015 16:00:00,15.36
12/17/2015 16:00:00,15.56
12/16/2015 16:00:00,15.63
12/15/2015 16:00:00,14.74
12/14/2015 16:00:00,14.57
12/11/2015 16:00:00,14.47
12/10/2015 16:00:00,15.14
12/9/2015 16:00:00,14.97
12/8/2015 16:00:00,15.11
12/7/2015 16:00:00,15.41
12/4/2015 16:00:00,15.36
12/3/2015 16:00:00,15.51
12/2/2015 16:00:00,15.47
12/1/2015 16:00:00,15.81
11/30/2015 16:00:00,15.35
11/27/2015 16:00:00,15.44
11/25/2015 16:00:00,15.31
11/24/2015 16:00:00,14.55
11/23/2015 16:00:00,14.52
11/20/2015 16:00:00,14.67
11/19/2015 16:00:00,14.79
11/18/2015 16:00:00,14.74
11/17/2015 16:00:00,14.27
11/16/2015 16:00:00,14.29
11/13/2015 16:00:00,13.81
11/12/2015 16:00:00,14.2
11/11/2015 16:00:00,14.61
11/10/2015 16:00:00,14.43
11/9/2015 16:00:00,15.02
11/6/2015 16:00:00,15.49
11/5/2015 16:00:00,15.45
11/4/2015 16:00:00,15.44
11/3/2015 16:00:00,13.89
11/2/2015 16:00:00,14.25
10/30/2015 16:00:00,13.8
10/29/2015 16:00:00,14.11
10/28/2015 16:00:00,14.2
10/27/2015 16:00:00,14.02
10/26/2015 16:00:00,14.35
10/23/2015 16:00:00,13.94
10/22/2015 16:00:00,14.11
10/21/2015 16:00:00,14.01
10/20/2015 16:00:00,14.2
10/19/2015 16:00:00,15.21
10/16/2015 16:00:00,15.13
10/15/2015 16:00:00,14.75
10/14/2015 16:00:00,14.46
10/13/2015 16:00:00,14.62
10/12/2015 16:00:00,14.37
10/9/2015 16:00:00,14.71
10/8/2015 16:00:00,15.11
10/7/2015 16:00:00,15.46
10/6/2015 16:00:00,16.1
10/5/2015 16:00:00,16.41
10/2/2015 16:00:00,16.5
10/1/2015 16:00:00,15.99
9/30/2015 16:00:00,16.56
9/29/2015 16:00:00,16.44
9/28/2015 16:00:00,16.56
9/25/2015 16:00:00,17.13
9/24/2015 16:00:00,17.54
9/23/2015 16:00:00,17.4
9/22/2015 16:00:00,17.4
9/21/2015 16:00:00,17.61
9/18/2015 16:00:00,17.37
9/17/2015 16:00:00,17.47
9/16/2015 16:00:00,17.48
9/15/2015 16:00:00,16.9
9/14/2015 16:00:00,16.88
9/11/2015 16:00:00,16.68
9/10/2015 16:00:00,16.57
9/9/2015 16:00:00,16.59
9/8/2015 16:00:00,16.54
9/4/2015 16:00:00,16.13
9/3/2015 16:00:00,16.37
9/2/2015 16:00:00,16.51
9/1/2015 16:00:00,15.91
8/31/2015 16:00:00,16.6
8/28/2015 16:00:00,16.57
8/27/2015 16:00:00,16.2
8/26/2015 16:00:00,14.99
8/25/2015 16:00:00,14.67
8/24/2015 16:00:00,14.59
8/21/2015 16:00:00,15.38
8/20/2015 16:00:00,16.15
8/19/2015 16:00:00,17.02
8/18/2015 16:00:00,17.38
8/17/2015 16:00:00,17
8/14/2015 16:00:00,16.21
8/13/2015 16:00:00,16.17
8/12/2015 16:00:00,15.88
8/11/2015 16:00:00,15.82
8/10/2015 16:00:00,16.08
8/7/2015 16:00:00,16.17
8/6/2015 16:00:00,16.41
8/5/2015 16:00:00,18.01
8/4/2015 16:00:00,17.75
8/3/2015 16:00:00,17.33
7/31/2015 16:00:00,17.74
7/30/2015 16:00:00,17.79
7/29/2015 16:00:00,17.59
7/28/2015 16:00:00,17.65
7/27/2015 16:00:00,16.87
7/24/2015 16:00:00,17.69
7/23/2015 16:00:00,17.81
7/22/2015 16:00:00,17.86
7/21/2015 16:00:00,17.78
7/20/2015 16:00:00,18.82
7/17/2015 16:00:00,18.31
7/16/2015 16:00:00,17.78
7/15/2015 16:00:00,17.54
7/14/2015 16:00:00,17.71
7/13/2015 16:00:00,17.48
7/10/2015 16:00:00,17.28
7/9/2015 16:00:00,17.19
7/8/2015 16:00:00,17
7/7/2015 16:00:00,17.86
7/6/2015 16:00:00,18.65
7/2/2015 16:00:00,18.67
7/1/2015 16:00:00,17.94
6/30/2015 16:00:00,17.88
6/29/2015 16:00:00,17.47
6/26/2015 16:00:00,17.81
6/25/2015 16:00:00,17.92
6/24/2015 16:00:00,17.68
6/23/2015 16:00:00,17.84
6/22/2015 16:00:00,17.32
6/19/2015 16:00:00,17.5
6/18/2015 16:00:00,17.46
6/17/2015 16:00:00,17.36
6/16/2015 16:00:00,16.87
6/15/2015 16:00:00,16.69
6/12/2015 16:00:00,16.71
6/11/2015 16:00:00,16.76
6/10/2015 16:00:00,16.71
6/9/2015 16:00:00,17.07
6/8/2015 16:00:00,17.09
6/5/2015 16:00:00,16.61
6/4/2015 16:00:00,16.39
6/3/2015 16:00:00,16.6
6/2/2015 16:00:00,16.56
6/1/2015 16:00:00,16.63
5/29/2015 16:00:00,16.72
5/28/2015 16:00:00,16.76
5/27/2015 16:00:00,16.5
5/26/2015 16:00:00,16.5
5/22/2015 16:00:00,16.52
5/21/2015 16:00:00,16.37
5/20/2015 16:00:00,16.29
5/19/2015 16:00:00,16.48
5/18/2015 16:00:00,16.58
5/15/2015 16:00:00,16.59
5/14/2015 16:00:00,16.27
5/13/2015 16:00:00,16.21
5/12/2015 16:00:00,16.32
5/11/2015 16:00:00,15.97
5/8/2015 16:00:00,15.77
5/7/2015 16:00:00,15.79
5/6/2015 16:00:00,15.36
5/5/2015 16:00:00,15.53
5/4/2015 16:00:00,15.37
5/1/2015 16:00:00,15.07
4/30/2015 16:00:00,15.07
4/29/2015 16:00:00,15.5
4/28/2015 16:00:00,15.37
4/27/2015 16:00:00,15.44
4/24/2015 16:00:00,14.56
4/23/2015 16:00:00,14.57
4/22/2015 16:00:00,14.63
4/21/2015 16:00:00,13.96
4/20/2015 16:00:00,13.68
4/17/2015 16:00:00,13.79
4/16/2015 16:00:00,13.78
4/15/2015 16:00:00,13.86
4/14/2015 16:00:00,13.83
4/13/2015 16:00:00,13.99
4/10/2015 16:00:00,14.06
4/9/2015 16:00:00,14.01
4/8/2015 16:00:00,13.84
4/7/2015 16:00:00,13.55
4/6/2015 16:00:00,13.54
4/2/2015 16:00:00,12.73
4/1/2015 16:00:00,12.51
3/31/2015 16:00:00,12.58
3/30/2015 16:00:00,12.7
3/27/2015 16:00:00,12.33
3/26/2015 16:00:00,12.69
3/25/2015 16:00:00,12.95
3/24/2015 16:00:00,13.45
3/23/2015 16:00:00,13.31
3/20/2015 16:00:00,13.21
3/19/2015 16:00:00,13.04
3/18/2015 16:00:00,13.38
3/17/2015 16:00:00,12.98
3/16/2015 16:00:00,13.05
3/13/2015 16:00:00,12.58
3/12/2015 16:00:00,12.74
3/11/2015 16:00:00,12.92
3/10/2015 16:00:00,12.69
3/9/2015 16:00:00,12.73
3/6/2015 16:00:00,12.93
3/5/2015 16:00:00,13.38
3/4/2015 16:00:00,13.5
3/3/2015 16:00:00,13.3
3/2/2015 16:00:00,13.16
2/27/2015 16:00:00,13.56
2/26/2015 16:00:00,13.81
2/25/2015 16:00:00,13.58
2/24/2015 16:00:00,13.61
2/23/2015 16:00:00,13.82
2/20/2015 16:00:00,14.47
2/19/2015 16:00:00,14.11
2/18/2015 16:00:00,13.63
2/17/2015 16:00:00,13.62
2/13/2015 16:00:00,13.58
2/12/2015 16:00:00,13.53
2/11/2015 16:00:00,14.19
2/10/2015 16:00:00,14.42
2/9/2015 16:00:00,14.5
2/6/2015 16:00:00,14.49
2/5/2015 16:00:00,14.73
2/4/2015 16:00:00,14.57
2/3/2015 16:00:00,14.56
2/2/2015 16:00:00,14.06
1/30/2015 16:00:00,13.57
1/29/2015 16:00:00,13.68
1/28/2015 16:00:00,13.29
1/27/2015 16:00:00,13.73
1/26/2015 16:00:00,13.77
1/23/2015 16:00:00,13.42
1/22/2015 16:00:00,13.44
1/21/2015 16:00:00,13.1
1/20/2015 16:00:00,12.8
1/16/2015 16:00:00,12.87
1/15/2015 16:00:00,12.79
1/14/2015 16:00:00,12.85
1/13/2015 16:00:00,13.62
1/12/2015 16:00:00,13.48
1/9/2015 16:00:00,13.78
1/8/2015 16:00:00,14.04
1/7/2015 16:00:00,14.06
1/6/2015 16:00:00,14.09
1/5/2015 16:00:00,14.01
1/2/2015 16:00:00,14.62
12/31/2014 16:00:00,14.83
12/30/2014 16:00:00,14.82
12/29/2014 16:00:00,15.05
12/26/2014 16:00:00,15.19
12/24/2014 16:00:00,14.82
12/23/2014 16:00:00,14.73
12/22/2014 16:00:00,14.84
12/19/2014 16:00:00,14.62
12/18/2014 16:00:00,14.55
12/17/2014 16:00:00,13.72
12/16/2014 16:00:00,13.19
12/15/2014 16:00:00,13.6
12/12/2014 16:00:00,13.8
12/11/2014 16:00:00,13.93
12/10/2014 16:00:00,13.99
12/9/2014 16:00:00,14.46
12/8/2014 16:00:00,14.29
12/5/2014 16:00:00,14.91
12/4/2014 16:00:00,15.22
12/3/2014 16:00:00,15.29
12/2/2014 16:00:00,15.43
12/1/2014 16:00:00,15.44
11/28/2014 16:00:00,16.3
11/26/2014 16:00:00,16.56
11/25/2014 16:00:00,16.54
11/24/2014 16:00:00,16.45
11/21/2014 16:00:00,16.19
11/20/2014 16:00:00,16.58
11/19/2014 16:00:00,16.52
11/18/2014 16:00:00,17.18
11/17/2014 16:00:00,16.93
11/14/2014 16:00:00,17.25
11/13/2014 16:00:00,16.78
11/12/2014 16:00:00,16.61
11/11/2014 16:00:00,16.74
11/10/2014 16:00:00,16.13
11/7/2014 16:00:00,16.01
11/6/2014 16:00:00,16.08
11/5/2014 16:00:00,15.4
11/4/2014 16:00:00,15.93
11/3/2014 16:00:00,16.17
10/31/2014 16:00:00,16.11
10/30/2014 16:00:00,15.91
10/29/2014 16:00:00,15.87
10/28/2014 16:00:00,16.18
10/27/2014 16:00:00,14.78
10/24/2014 16:00:00,15.68
10/23/2014 16:00:00,15.69
10/22/2014 16:00:00,15.41
10/21/2014 16:00:00,15.69
10/20/2014 16:00:00,15.36
10/17/2014 16:00:00,15.17
10/16/2014 16:00:00,15.09
10/15/2014 16:00:00,15.31
10/14/2014 16:00:00,15.14
10/13/2014 16:00:00,14.97
10/10/2014 16:00:00,15.79
10/9/2014 16:00:00,17.13
10/8/2014 16:00:00,17.29
10/7/2014 16:00:00,17.3
10/6/2014 16:00:00,17.37
10/3/2014 16:00:00,17.01
10/2/2014 16:00:00,16.76
10/1/2014 16:00:00,16.02
9/30/2014 16:00:00,16.18
9/29/2014 16:00:00,16.35
9/26/2014 16:00:00,16.44
9/25/2014 16:00:00,16.46
9/24/2014 16:00:00,16.81
9/23/2014 16:00:00,16.69
9/22/2014 16:00:00,16.67
9/19/2014 16:00:00,17.29
9/18/2014 16:00:00,17.59
9/17/2014 16:00:00,17.43
9/16/2014 16:00:00,17.38
9/15/2014 16:00:00,16.92
9/12/2014 16:00:00,18.61
9/11/2014 16:00:00,18.69
9/10/2014 16:00:00,18.74
9/9/2014 16:00:00,18.57
9/8/2014 16:00:00,18.81
9/5/2014 16:00:00,18.49
9/4/2014 16:00:00,19.07
9/3/2014 16:00:00,18.75
9/2/2014 16:00:00,18.94
8/29/2014 16:00:00,17.98
8/28/2014 16:00:00,17.59
8/27/2014 16:00:00,17.55
8/26/2014 16:00:00,17.45
8/25/2014 16:00:00,17.5
8/22/2014 16:00:00,17.12
8/21/2014 16:00:00,16.96
8/20/2014 16:00:00,17.05
8/19/2014 16:00:00,17.12
8/18/2014 16:00:00,17.33
8/15/2014 16:00:00,17.47
8/14/2014 16:00:00,17.43
8/13/2014 16:00:00,17.35
8/12/2014 16:00:00,17.33
8/11/2014 16:00:00,17.29
8/8/2014 16:00:00,16.54
8/7/2014 16:00:00,16.83
8/6/2014 16:00:00,16.6
8/5/2014 16:00:00,15.9
8/4/2014 16:00:00,15.9
8/1/2014 16:00:00,15.55
7/31/2014 16:00:00,14.89
7/30/2014 16:00:00,15.26
7/29/2014 16:00:00,15
7/28/2014 16:00:00,14.99
7/25/2014 16:00:00,14.9
7/24/2014 16:00:00,14.9
7/23/2014 16:00:00,14.83
7/22/2014 16:00:00,14.64
7/21/2014 16:00:00,14.7
7/18/2014 16:00:00,14.67
7/17/2014 16:00:00,14.36
7/16/2014 16:00:00,14.48
7/15/2014 16:00:00,14.64
7/14/2014 16:00:00,15.11
7/11/2014 16:00:00,14.54
7/10/2014 16:00:00,14.63
7/9/2014 16:00:00,14.87
7/8/2014 16:00:00,14.6
7/7/2014 16:00:00,14.84
7/3/2014 16:00:00,15.28
7/2/2014 16:00:00,15.3
7/1/2014 16:00:00,15.98
6/30/2014 16:00:00,16
6/27/2014 16:00:00,15.94
6/26/2014 16:00:00,15.71
6/25/2014 16:00:00,15.79
6/24/2014 16:00:00,15.5
6/23/2014 16:00:00,15.81
6/20/2014 16:00:00,15.31
6/19/2014 16:00:00,15.19
6/18/2014 16:00:00,15.14
6/17/2014 16:00:00,15.44
6/16/2014 16:00:00,14.97
6/13/2014 16:00:00,13.76
6/12/2014 16:00:00,13.57
6/11/2014 16:00:00,13.63
6/10/2014 16:00:00,13.49
6/9/2014 16:00:00,13.69
6/6/2014 16:00:00,13.88
6/5/2014 16:00:00,13.79
6/4/2014 16:00:00,13.6
6/3/2014 16:00:00,13.66
6/2/2014 16:00:00,13.65
5/30/2014 16:00:00,13.85
5/29/2014 16:00:00,14.02
5/28/2014 16:00:00,14.02
5/27/2014 16:00:00,14.1
5/23/2014 16:00:00,13.82
5/22/2014 16:00:00,13.66
5/21/2014 16:00:00,13.3
5/20/2014 16:00:00,13.02
5/19/2014 16:00:00,13.07
5/16/2014 16:00:00,12.77
5/15/2014 16:00:00,12.57
5/14/2014 16:00:00,12.71
5/13/2014 16:00:00,12.68
5/12/2014 16:00:00,12.31
5/9/2014 16:00:00,12.15
5/8/2014 16:00:00,11.91
5/7/2014 16:00:00,13.42
5/6/2014 16:00:00,13.82
5/5/2014 16:00:00,14.44
5/2/2014 16:00:00,14.06
5/1/2014 16:00:00,13.85
4/30/2014 16:00:00,13.86
4/29/2014 16:00:00,13.79
4/28/2014 16:00:00,13.23
4/25/2014 16:00:00,13.32
4/24/2014 16:00:00,13.86
4/23/2014 16:00:00,13.87
4/22/2014 16:00:00,14.58
4/21/2014 16:00:00,13.63
4/17/2014 16:00:00,13.21
4/16/2014 16:00:00,13.27
4/15/2014 16:00:00,12.93
4/14/2014 16:00:00,13.21
4/11/2014 16:00:00,13.59
4/10/2014 16:00:00,13.61
4/9/2014 16:00:00,14.46
4/8/2014 16:00:00,14.36
4/7/2014 16:00:00,13.83
4/4/2014 16:00:00,14.15
4/3/2014 16:00:00,15.03
4/2/2014 16:00:00,15.35
4/1/2014 16:00:00,14.46
3/31/2014 16:00:00,13.9
3/28/2014 16:00:00,14.16
3/27/2014 16:00:00,13.82
3/26/2014 16:00:00,14.2
3/25/2014 16:00:00,14.7
3/24/2014 16:00:00,14.68
3/21/2014 16:00:00,15.26
3/20/2014 16:00:00,15.66
3/19/2014 16:00:00,15.72
3/18/2014 16:00:00,16
3/17/2014 16:00:00,15.6
3/14/2014 16:00:00,15.4
3/13/2014 16:00:00,15.85
3/12/2014 16:00:00,16.1
3/11/2014 16:00:00,15.63
3/10/2014 16:00:00,15.92
3/7/2014 16:00:00,16.41
3/6/2014 16:00:00,16.86
3/5/2014 16:00:00,16.84
3/4/2014 16:00:00,16.99
3/3/2014 16:00:00,16.7
2/28/2014 16:00:00,16.32
2/27/2014 16:00:00,16.84
2/26/2014 16:00:00,16.87
2/25/2014 16:00:00,16.53
2/24/2014 16:00:00,14.51
2/21/2014 16:00:00,13.97
2/20/2014 16:00:00,14
2/19/2014 16:00:00,12.91
2/18/2014 16:00:00,13.58
2/14/2014 16:00:00,13.22
2/13/2014 16:00:00,13.31
2/12/2014 16:00:00,13.02
2/11/2014 16:00:00,13.11
2/10/2014 16:00:00,13.1
2/7/2014 16:00:00,12.44
2/6/2014 16:00:00,11.89
2/5/2014 16:00:00,11.63
2/4/2014 16:00:00,11.92
2/3/2014 16:00:00,11.81
1/31/2014 16:00:00,12.09
1/30/2014 16:00:00,12.19
1/29/2014 16:00:00,11.68
1/28/2014 16:00:00,11.89
1/27/2014 16:00:00,11.31
1/24/2014 16:00:00,11.64
1/23/2014 16:00:00,12.1
1/22/2014 16:00:00,11.9
1/21/2014 16:00:00,11.78
1/17/2014 16:00:00,11.33
1/16/2014 16:00:00,11.4
1/15/2014 16:00:00,10.94
1/14/2014 16:00:00,10.75
1/13/2014 16:00:00,9.29
1/10/2014 16:00:00,9.71
1/9/2014 16:00:00,9.84
1/8/2014 16:00:00,10.09
1/7/2014 16:00:00,9.96
1/6/2014 16:00:00,9.8
1/3/2014 16:00:00,9.97
1/2/2014 16:00:00,10.01
12/31/2013 16:00:00,10.03
12/30/2013 16:00:00,10.16
12/27/2013 16:00:00,10.07
12/26/2013 16:00:00,10.37
12/24/2013 16:00:00,10.09
12/23/2013 16:00:00,9.57
12/20/2013 16:00:00,9.55
12/19/2013 16:00:00,9.38
12/18/2013 16:00:00,9.87
12/17/2013 16:00:00,10.16
12/16/2013 16:00:00,9.86
12/13/2013 16:00:00,9.84
12/12/2013 16:00:00,9.83
12/11/2013 16:00:00,9.31
12/10/2013 16:00:00,9.48
12/9/2013 16:00:00,9.44
12/6/2013 16:00:00,9.16
12/5/2013 16:00:00,9.37
12/4/2013 16:00:00,9.26
12/3/2013 16:00:00,9.65
12/2/2013 16:00:00,8.28
11/29/2013 16:00:00,8.49
11/27/2013 16:00:00,8.46
11/26/2013 16:00:00,8.03
11/25/2013 16:00:00,8.06
11/22/2013 16:00:00,8.09
11/21/2013 16:00:00,8.14
11/20/2013 16:00:00,8.07
11/19/2013 16:00:00,8.41
11/18/2013 16:00:00,8.11
11/15/2013 16:00:00,9.03
11/14/2013 16:00:00,9.17
11/13/2013 16:00:00,9.25
11/12/2013 16:00:00,9.19
11/11/2013 16:00:00,9.65
11/8/2013 16:00:00,9.2
11/7/2013 16:00:00,9.32
11/6/2013 16:00:00,10.08
11/5/2013 16:00:00,11.79
11/4/2013 16:00:00,11.68
11/1/2013 16:00:00,10.81
10/31/2013 16:00:00,10.66
10/30/2013 16:00:00,10.61
10/29/2013 16:00:00,10.96
10/28/2013 16:00:00,10.86
10/25/2013 16:00:00,11.31
10/24/2013 16:00:00,11.54
10/23/2013 16:00:00,10.97
10/22/2013 16:00:00,11.44
10/21/2013 16:00:00,11.51
10/18/2013 16:00:00,12.23
10/17/2013 16:00:00,12.19
10/16/2013 16:00:00,12.24
10/15/2013 16:00:00,12.26
10/14/2013 16:00:00,11.98
10/11/2013 16:00:00,11.91
10/10/2013 16:00:00,11.53
10/9/2013 16:00:00,11.25
10/8/2013 16:00:00,11.65
10/7/2013 16:00:00,12.2
10/4/2013 16:00:00,12.07
10/3/2013 16:00:00,11.55
10/2/2013 16:00:00,12.06
10/1/2013 16:00:00,12.87
9/30/2013 16:00:00,12.89
9/27/2013 16:00:00,12.73
9/26/2013 16:00:00,12.58
9/25/2013 16:00:00,12.35
9/24/2013 16:00:00,12.16
9/23/2013 16:00:00,12.07
9/20/2013 16:00:00,12.23
9/19/2013 16:00:00,11.86
9/18/2013 16:00:00,11.08
9/17/2013 16:00:00,11.08
9/16/2013 16:00:00,11.11
9/13/2013 16:00:00,11.04
9/12/2013 16:00:00,11
9/11/2013 16:00:00,10.9
9/10/2013 16:00:00,11.09
9/9/2013 16:00:00,10.71
9/6/2013 16:00:00,11.13
9/5/2013 16:00:00,11.33
9/4/2013 16:00:00,11.37
9/3/2013 16:00:00,11.26
8/30/2013 16:00:00,11.27
8/29/2013 16:00:00,11.07
8/28/2013 16:00:00,11.1
8/27/2013 16:00:00,11.13
8/26/2013 16:00:00,10.95
8/23/2013 16:00:00,10.79
8/22/2013 16:00:00,10.47
8/21/2013 16:00:00,9.86
8/20/2013 16:00:00,9.97
8/19/2013 16:00:00,9.66
8/16/2013 16:00:00,9.47
8/15/2013 16:00:00,9.31
8/14/2013 16:00:00,9.29
8/13/2013 16:00:00,9.7
8/12/2013 16:00:00,9.83
8/9/2013 16:00:00,10.2
8/8/2013 16:00:00,10.23
8/7/2013 16:00:00,8.95
8/6/2013 16:00:00,9.48
8/5/2013 16:00:00,9.65
8/2/2013 16:00:00,9.2
8/1/2013 16:00:00,9.04
7/31/2013 16:00:00,8.95
7/30/2013 16:00:00,8.78
7/29/2013 16:00:00,8.97
7/26/2013 16:00:00,8.63
7/25/2013 16:00:00,8.27
7/24/2013 16:00:00,8.11
7/23/2013 16:00:00,8.18
7/22/2013 16:00:00,8.16
7/19/2013 16:00:00,7.98
7/18/2013 16:00:00,7.94
7/17/2013 16:00:00,8.02
7/16/2013 16:00:00,7.27
7/15/2013 16:00:00,8.48
7/12/2013 16:00:00,8.66
7/11/2013 16:00:00,8.37
7/10/2013 16:00:00,8.15
7/9/2013 16:00:00,8.23
7/8/2013 16:00:00,8.11
7/5/2013 16:00:00,8.01
7/3/2013 16:00:00,7.68
7/2/2013 16:00:00,7.85
7/1/2013 16:00:00,7.81
6/28/2013 16:00:00,7.16
6/27/2013 16:00:00,7.28
6/26/2013 16:00:00,7.05
6/25/2013 16:00:00,6.83
6/24/2013 16:00:00,6.77
6/21/2013 16:00:00,6.64
6/20/2013 16:00:00,6.71
6/19/2013 16:00:00,6.98
6/18/2013 16:00:00,6.89
6/17/2013 16:00:00,6.81
6/14/2013 16:00:00,6.69
6/13/2013 16:00:00,6.55
6/12/2013 16:00:00,6.52
6/11/2013 16:00:00,6.3
6/10/2013 16:00:00,6.67
6/7/2013 16:00:00,6.8
6/6/2013 16:00:00,6.49
6/5/2013 16:00:00,6.36
6/4/2013 16:00:00,6.32
6/3/2013 16:00:00,6.17
5/31/2013 16:00:00,6.52
5/30/2013 16:00:00,7
5/29/2013 16:00:00,6.98
5/28/2013 16:00:00,7.36
5/24/2013 16:00:00,6.47
5/23/2013 16:00:00,6.18
5/22/2013 16:00:00,5.82
5/21/2013 16:00:00,5.84
5/20/2013 16:00:00,6
5/17/2013 16:00:00,6.1
5/16/2013 16:00:00,6.15
5/15/2013 16:00:00,5.66
5/14/2013 16:00:00,5.55
5/13/2013 16:00:00,5.85
5/10/2013 16:00:00,5.12
5/9/2013 16:00:00,4.63
5/8/2013 16:00:00,3.72
5/7/2013 16:00:00,3.7
5/6/2013 16:00:00,3.97
5/3/2013 16:00:00,3.64
5/2/2013 16:00:00,3.61
5/1/2013 16:00:00,3.55
4/30/2013 16:00:00,3.6
4/29/2013 16:00:00,3.66
4/26/2013 16:00:00,3.41
4/25/2013 16:00:00,3.47
4/24/2013 16:00:00,3.36
4/23/2013 16:00:00,3.4
4/22/2013 16:00:00,3.35
4/19/2013 16:00:00,3.19
4/18/2013 16:00:00,3.13
4/17/2013 16:00:00,3.03
4/16/2013 16:00:00,3.04
4/15/2013 16:00:00,2.89
4/12/2013 16:00:00,2.92
4/11/2013 16:00:00,2.91
4/10/2013 16:00:00,2.79
4/9/2013 16:00:00,2.7
4/8/2013 16:00:00,2.79
4/5/2013 16:00:00,2.76
4/4/2013 16:00:00,2.8
4/3/2013 16:00:00,2.74
4/2/2013 16:00:00,2.96
4/1/2013 16:00:00,2.93
3/28/2013 16:00:00,2.53
3/27/2013 16:00:00,2.54
3/26/2013 16:00:00,2.52
3/25/2013 16:00:00,2.5
3/22/2013 16:00:00,2.44
3/21/2013 16:00:00,2.4
3/20/2013 16:00:00,2.4
3/19/2013 16:00:00,2.34
3/18/2013 16:00:00,2.34
3/15/2013 16:00:00,2.35
3/14/2013 16:00:00,2.46
3/13/2013 16:00:00,2.6
3/12/2013 16:00:00,2.61
3/11/2013 16:00:00,2.61
3/8/2013 16:00:00,2.56
3/7/2013 16:00:00,2.55
3/6/2013 16:00:00,2.51
3/5/2013 16:00:00,2.44
3/4/2013 16:00:00,2.37
3/1/2013 16:00:00,2.31
2/28/2013 16:00:00,2.32
2/27/2013 16:00:00,2.34
2/26/2013 16:00:00,2.3
2/25/2013 16:00:00,2.29
2/22/2013 16:00:00,2.41
2/21/2013 16:00:00,2.34
2/20/2013 16:00:00,2.57
2/19/2013 16:00:00,2.62
2/15/2013 16:00:00,2.47
2/14/2013 16:00:00,2.55
2/13/2013 16:00:00,2.56
2/12/2013 16:00:00,2.53
2/11/2013 16:00:00,2.56
2/8/2013 16:00:00,2.62
2/7/2013 16:00:00,2.63
2/6/2013 16:00:00,2.61
2/5/2013 16:00:00,2.54
2/4/2013 16:00:00,2.52
2/1/2013 16:00:00,2.55
1/31/2013 16:00:00,2.5
1/30/2013 16:00:00,2.5
1/29/2013 16:00:00,2.53
1/28/2013 16:00:00,2.54
1/25/2013 16:00:00,2.47
1/24/2013 16:00:00,2.47
1/23/2013 16:00:00,2.4
1/22/2013 16:00:00,2.35
1/18/2013 16:00:00,2.3
1/17/2013 16:00:00,2.29
1/16/2013 16:00:00,2.27
1/15/2013 16:00:00,2.26
1/14/2013 16:00:00,2.22
1/11/2013 16:00:00,2.19
1/10/2013 16:00:00,2.24
1/9/2013 16:00:00,2.24
1/8/2013 16:00:00,2.25
1/7/2013 16:00:00,2.29
1/4/2013 16:00:00,2.29
1/3/2013 16:00:00,2.32
1/2/2013 16:00:00,2.36
12/31/2012 16:00:00,2.26
12/28/2012 16:00:00,2.21
12/27/2012 16:00:00,2.25
12/26/2012 16:00:00,2.24
12/24/2012 16:00:00,2.29
12/21/2012 16:00:00,2.27
12/20/2012 16:00:00,2.3
12/19/2012 16:00:00,2.31
12/18/2012 16:00:00,2.31
12/17/2012 16:00:00,2.29
12/14/2012 16:00:00,2.25
12/13/2012 16:00:00,2.24
12/12/2012 16:00:00,2.35
12/11/2012 16:00:00,2.35
12/10/2012 16:00:00,2.3
12/7/2012 16:00:00,2.28
12/6/2012 16:00:00,2.26
12/5/2012 16:00:00,2.25
12/4/2012 16:00:00,2.26
12/3/2012 16:00:00,2.31
11/30/2012 16:00:00,2.25
11/29/2012 16:00:00,2.25
11/28/2012 16:00:00,2.22
11/27/2012 16:00:00,2.14
11/26/2012 16:00:00,2.15
11/23/2012 16:00:00,2.14
11/21/2012 16:00:00,2.16
11/20/2012 16:00:00,2.2
11/19/2012 16:00:00,2.19
11/16/2012 16:00:00,2.12
11/15/2012 16:00:00,2.05
11/14/2012 16:00:00,2.09
11/13/2012 16:00:00,2.11
11/12/2012 16:00:00,2.07
11/9/2012 16:00:00,2.02
11/8/2012 16:00:00,2.09
11/7/2012 16:00:00,2.1
11/6/2012 16:00:00,2.08
11/5/2012 16:00:00,2.1
11/2/2012 16:00:00,1.93
11/1/2012 16:00:00,1.95
10/31/2012 16:00:00,1.88
10/26/2012 16:00:00,1.83
10/25/2012 16:00:00,1.83
10/24/2012 16:00:00,1.83
10/23/2012 16:00:00,1.89
10/22/2012 16:00:00,1.86
10/19/2012 16:00:00,1.85
10/18/2012 16:00:00,1.87
10/17/2012 16:00:00,1.92
10/16/2012 16:00:00,1.87
10/15/2012 16:00:00,1.82
10/12/2012 16:00:00,1.84
10/11/2012 16:00:00,1.89
10/10/2012 16:00:00,1.89
10/9/2012 16:00:00,1.89
10/8/2012 16:00:00,1.95
10/5/2012 16:00:00,1.93
10/4/2012 16:00:00,1.96
10/3/2012 16:00:00,1.95
10/2/2012 16:00:00,1.99
10/1/2012 16:00:00,1.94
9/28/2012 16:00:00,1.95
9/27/2012 16:00:00,1.9
9/26/2012 16:00:00,1.84
9/25/2012 16:00:00,1.84
9/24/2012 16:00:00,2.04
9/21/2012 16:00:00,2
9/20/2012 16:00:00,2.06
9/19/2012 16:00:00,2.07
9/18/2012 16:00:00,2.09
9/17/2012 16:00:00,2.17
9/14/2012 16:00:00,2.03
9/13/2012 16:00:00,1.97
9/12/2012 16:00:00,1.89
9/11/2012 16:00:00,1.85
9/10/2012 16:00:00,1.82
9/7/2012 16:00:00,1.96
9/6/2012 16:00:00,1.9
9/5/2012 16:00:00,1.86
9/4/2012 16:00:00,1.88
8/31/2012 16:00:00,1.9
8/30/2012 16:00:00,1.89
8/29/2012 16:00:00,1.89
8/28/2012 16:00:00,1.91
8/27/2012 16:00:00,1.89
8/24/2012 16:00:00,1.97
8/23/2012 16:00:00,2.05
8/22/2012 16:00:00,2
8/21/2012 16:00:00,1.94
8/20/2012 16:00:00,1.97
8/17/2012 16:00:00,2
8/16/2012 16:00:00,2.02
8/15/2012 16:00:00,1.96
8/14/2012 16:00:00,1.96
8/13/2012 16:00:00,2.08
8/10/2012 16:00:00,2
8/9/2012 16:00:00,1.96
8/8/2012 16:00:00,1.94
8/7/2012 16:00:00,2.02
8/6/2012 16:00:00,1.88
8/3/2012 16:00:00,1.82
8/2/2012 16:00:00,1.74
8/1/2012 16:00:00,1.75
7/31/2012 16:00:00,1.83
7/30/2012 16:00:00,1.82
7/27/2012 16:00:00,1.97
7/26/2012 16:00:00,1.88
7/25/2012 16:00:00,1.93
7/24/2012 16:00:00,1.99
7/23/2012 16:00:00,2.04
7/20/2012 16:00:00,2.12
7/19/2012 16:00:00,2.15
7/18/2012 16:00:00,2.14
7/17/2012 16:00:00,2.22
7/16/2012 16:00:00,2.4
7/13/2012 16:00:00,2.28
7/12/2012 16:00:00,2.18
7/11/2012 16:00:00,2.1
7/10/2012 16:00:00,2.08
7/9/2012 16:00:00,2.1
7/6/2012 16:00:00,2.07
7/5/2012 16:00:00,2.08
7/3/2012 16:00:00,2.04
7/2/2012 16:00:00,2.03
6/29/2012 16:00:00,2.09
6/28/2012 16:00:00,2.09
6/27/2012 16:00:00,2.13
6/26/2012 16:00:00,2.11
6/25/2012 16:00:00,2.21
6/22/2012 16:00:00,2.25
6/21/2012 16:00:00,2.15
6/20/2012 16:00:00,2.25
6/19/2012 16:00:00,2.14
6/18/2012 16:00:00,2.12
6/15/2012 16:00:00,1.99
6/14/2012 16:00:00,1.96
6/13/2012 16:00:00,1.98
6/12/2012 16:00:00,1.98
6/11/2012 16:00:00,1.94
6/8/2012 16:00:00,2.01
6/7/2012 16:00:00,1.93
6/6/2012 16:00:00,1.95
6/5/2012 16:00:00,1.86
6/4/2012 16:00:00,1.86
6/1/2012 16:00:00,1.88
5/31/2012 16:00:00,1.97
5/30/2012 16:00:00,2.03
5/29/2012 16:00:00,2.11
5/25/2012 16:00:00,1.99
5/24/2012 16:00:00,2.02
5/23/2012 16:00:00,2.07
5/22/2012 16:00:00,2.05
5/21/2012 16:00:00,1.92
5/18/2012 16:00:00,1.84
5/17/2012 16:00:00,1.9
5/16/2012 16:00:00,1.95
5/15/2012 16:00:00,1.96
5/14/2012 16:00:00,2
5/11/2012 16:00:00,2.15
5/10/2012 16:00:00,2.2
5/9/2012 16:00:00,2
5/8/2012 16:00:00,2.01
5/7/2012 16:00:00,2.16
5/4/2012 16:00:00,2.12
5/3/2012 16:00:00,2.16
5/2/2012 16:00:00,2.26
5/1/2012 16:00:00,2.25
4/30/2012 16:00:00,2.21
4/27/2012 16:00:00,2.22
4/26/2012 16:00:00,2.23
4/25/2012 16:00:00,2.19
4/24/2012 16:00:00,2.12
4/23/2012 16:00:00,2.13
4/20/2012 16:00:00,2.21
4/19/2012 16:00:00,2.21
4/18/2012 16:00:00,2.18
4/17/2012 16:00:00,2.15
4/16/2012 16:00:00,2.15
4/13/2012 16:00:00,2.24
4/12/2012 16:00:00,2.23
4/11/2012 16:00:00,2.21
4/10/2012 16:00:00,2.16
4/9/2012 16:00:00,2.21
4/5/2012 16:00:00,2.3
4/4/2012 16:00:00,2.33
4/3/2012 16:00:00,2.53
4/2/2012 16:00:00,2.44
3/30/2012 16:00:00,2.48
3/29/2012 16:00:00,2.49
3/28/2012 16:00:00,2.52
3/27/2012 16:00:00,2.53
3/26/2012 16:00:00,2.49
3/23/2012 16:00:00,2.27
3/22/2012 16:00:00,2.29
3/21/2012 16:00:00,2.34
3/20/2012 16:00:00,2.33
3/19/2012 16:00:00,2.33
3/16/2012 16:00:00,2.35
3/15/2012 16:00:00,2.33
3/14/2012 16:00:00,2.35
3/13/2012 16:00:00,2.41
3/12/2012 16:00:00,2.4
3/9/2012 16:00:00,2.32
3/8/2012 16:00:00,2.2
3/7/2012 16:00:00,2.21
3/6/2012 16:00:00,2.21
3/5/2012 16:00:00,2.25
3/2/2012 16:00:00,2.27
3/1/2012 16:00:00,2.29
2/29/2012 16:00:00,2.23
2/28/2012 16:00:00,2.25
2/27/2012 16:00:00,2.24
2/24/2012 16:00:00,2.25
2/23/2012 16:00:00,2.3
2/22/2012 16:00:00,2.28
2/21/2012 16:00:00,2.3
2/17/2012 16:00:00,2.33
2/16/2012 16:00:00,2.28
2/15/2012 16:00:00,2.24
2/14/2012 16:00:00,2.21
2/13/2012 16:00:00,2.1
2/10/2012 16:00:00,2.07
2/9/2012 16:00:00,2.17
2/8/2012 16:00:00,2.13
2/7/2012 16:00:00,2.11
2/6/2012 16:00:00,2.12
2/3/2012 16:00:00,2.08
2/2/2012 16:00:00,2.02
2/1/2012 16:00:00,1.97
1/31/2012 16:00:00,1.94
1/30/2012 16:00:00,1.97
1/27/2012 16:00:00,1.96
1/26/2012 16:00:00,1.93
1/25/2012 16:00:00,1.86
1/24/2012 16:00:00,1.83
1/23/2012 16:00:00,1.78
1/20/2012 16:00:00,1.77
1/19/2012 16:00:00,1.78
1/18/2012 16:00:00,1.79
1/17/2012 16:00:00,1.77
1/13/2012 16:00:00,1.52
1/12/2012 16:00:00,1.88
1/11/2012 16:00:00,1.88
1/10/2012 16:00:00,1.84
1/9/2012 16:00:00,1.82
1/6/2012 16:00:00,1.79
1/5/2012 16:00:00,1.81
1/4/2012 16:00:00,1.85
1/3/2012 16:00:00,1.87
12/30/2011 16:00:00,1.9
12/29/2011 16:00:00,1.92
12/28/2011 16:00:00,1.9
12/27/2011 16:00:00,1.9
12/23/2011 16:00:00,1.86
12/22/2011 16:00:00,1.85
12/21/2011 16:00:00,1.84
12/20/2011 16:00:00,1.86
12/19/2011 16:00:00,1.85
12/16/2011 16:00:00,1.87
12/15/2011 16:00:00,1.91
12/14/2011 16:00:00,1.9
12/13/2011 16:00:00,1.96
12/12/2011 16:00:00,2.03
12/9/2011 16:00:00,2.07
12/8/2011 16:00:00,2.06
12/7/2011 16:00:00,2.28
12/6/2011 16:00:00,2.32
12/5/2011 16:00:00,2.29
12/2/2011 16:00:00,2.22
12/1/2011 16:00:00,2.17
11/30/2011 16:00:00,2.18
11/29/2011 16:00:00,2.12
11/28/2011 16:00:00,2.17
11/25/2011 16:00:00,2.11
11/23/2011 16:00:00,2.1
11/22/2011 16:00:00,2.14
11/21/2011 16:00:00,2.12
11/18/2011 16:00:00,2.17
11/17/2011 16:00:00,2.25
11/16/2011 16:00:00,2.33
11/15/2011 16:00:00,2.26
11/14/2011 16:00:00,2.21
11/11/2011 16:00:00,2.24
11/10/2011 16:00:00,2.09
11/9/2011 16:00:00,2.06
11/8/2011 16:00:00,2.12
11/7/2011 16:00:00,2.08
11/4/2011 16:00:00,2.15
11/3/2011 16:00:00,2.16
11/2/2011 16:00:00,1.91
11/1/2011 16:00:00,1.93
10/31/2011 16:00:00,1.96
10/28/2011 16:00:00,1.99
10/27/2011 16:00:00,1.92
10/26/2011 16:00:00,1.87
10/25/2011 16:00:00,1.88
10/24/2011 16:00:00,1.9
10/21/2011 16:00:00,1.87
10/20/2011 16:00:00,1.82
10/19/2011 16:00:00,1.84
10/18/2011 16:00:00,1.89
10/17/2011 16:00:00,1.83
10/14/2011 16:00:00,1.87
10/13/2011 16:00:00,1.86
10/12/2011 16:00:00,1.85
10/11/2011 16:00:00,1.84
10/10/2011 16:00:00,1.86
10/7/2011 16:00:00,1.8
10/6/2011 16:00:00,1.8
10/5/2011 16:00:00,1.69
10/4/2011 16:00:00,1.58
10/3/2011 16:00:00,1.58
9/30/2011 16:00:00,1.63
9/29/2011 16:00:00,1.61
9/28/2011 16:00:00,1.64
9/27/2011 16:00:00,1.75
9/26/2011 16:00:00,1.7
9/23/2011 16:00:00,1.76
9/22/2011 16:00:00,1.71
9/21/2011 16:00:00,1.72
9/20/2011 16:00:00,1.73
9/19/2011 16:00:00,1.72
9/16/2011 16:00:00,1.72
9/15/2011 16:00:00,1.65
9/14/2011 16:00:00,1.62
9/13/2011 16:00:00,1.61
9/12/2011 16:00:00,1.53
9/9/2011 16:00:00,1.53
9/8/2011 16:00:00,1.57
9/7/2011 16:00:00,1.59
9/6/2011 16:00:00,1.53
9/2/2011 16:00:00,1.54
9/1/2011 16:00:00,1.6
8/31/2011 16:00:00,1.65
8/30/2011 16:00:00,1.64
8/29/2011 16:00:00,1.65
8/26/2011 16:00:00,1.58
8/25/2011 16:00:00,1.54
8/24/2011 16:00:00,1.59
8/23/2011 16:00:00,1.53
8/22/2011 16:00:00,1.46
8/19/2011 16:00:00,1.49
8/18/2011 16:00:00,1.62
8/17/2011 16:00:00,1.72
8/16/2011 16:00:00,1.74
8/15/2011 16:00:00,1.75
8/12/2011 16:00:00,1.75
8/11/2011 16:00:00,1.69
8/10/2011 16:00:00,1.59
8/9/2011 16:00:00,1.67
8/8/2011 16:00:00,1.58
8/5/2011 16:00:00,1.62
8/4/2011 16:00:00,1.65
8/3/2011 16:00:00,1.81
8/2/2011 16:00:00,1.82
8/1/2011 16:00:00,1.92
7/29/2011 16:00:00,1.88
7/28/2011 16:00:00,1.88
7/27/2011 16:00:00,1.84
7/26/2011 16:00:00,1.87
7/25/2011 16:00:00,1.9
7/22/2011 16:00:00,1.95
7/21/2011 16:00:00,1.91
7/20/2011 16:00:00,1.91
7/19/2011 16:00:00,1.86
7/18/2011 16:00:00,1.82
7/15/2011 16:00:00,1.84
7/14/2011 16:00:00,1.84
7/13/2011 16:00:00,1.91
7/12/2011 16:00:00,1.88
7/11/2011 16:00:00,1.89
7/8/2011 16:00:00,1.92
7/7/2011 16:00:00,1.98
7/6/2011 16:00:00,1.93
7/5/2011 16:00:00,1.94
7/1/2011 16:00:00,1.93
6/30/2011 16:00:00,1.94
6/29/2011 16:00:00,1.89
6/28/2011 16:00:00,1.87
6/27/2011 16:00:00,1.83
6/24/2011 16:00:00,1.84
6/23/2011 16:00:00,1.85
6/22/2011 16:00:00,1.81
6/21/2011 16:00:00,1.84
6/20/2011 16:00:00,1.73
6/17/2011 16:00:00,1.77
6/16/2011 16:00:00,1.77
6/15/2011 16:00:00,1.82
6/14/2011 16:00:00,1.91
6/13/2011 16:00:00,1.9
6/10/2011 16:00:00,1.86
6/9/2011 16:00:00,1.84
6/8/2011 16:00:00,1.81
6/7/2011 16:00:00,1.89
6/6/2011 16:00:00,1.91
6/3/2011 16:00:00,2.01
6/2/2011 16:00:00,1.92
6/1/2011 16:00:00,1.9
5/31/2011 16:00:00,2.01
5/27/2011 16:00:00,1.97
5/26/2011 16:00:00,1.97
5/25/2011 16:00:00,1.93
5/24/2011 16:00:00,1.78
5/23/2011 16:00:00,1.79
5/20/2011 16:00:00,1.86
5/19/2011 16:00:00,1.88
5/18/2011 16:00:00,1.76
5/17/2011 16:00:00,1.73
5/16/2011 16:00:00,1.77
5/13/2011 16:00:00,1.84
5/12/2011 16:00:00,1.84
5/11/2011 16:00:00,1.8
5/10/2011 16:00:00,1.89
5/9/2011 16:00:00,1.86
5/6/2011 16:00:00,1.81
5/5/2011 16:00:00,1.76
5/4/2011 16:00:00,1.78
5/3/2011 16:00:00,1.79
5/2/2011 16:00:00,1.83
4/29/2011 16:00:00,1.84
4/28/2011 16:00:00,1.84
4/27/2011 16:00:00,1.81
4/26/2011 16:00:00,1.8
4/25/2011 16:00:00,1.76
4/21/2011 16:00:00,1.78
4/20/2011 16:00:00,1.72
4/19/2011 16:00:00,1.68
4/18/2011 16:00:00,1.67
4/15/2011 16:00:00,1.71
4/14/2011 16:00:00,1.68
4/13/2011 16:00:00,1.66
4/12/2011 16:00:00,1.64
4/11/2011 16:00:00,1.68
4/8/2011 16:00:00,1.77
4/7/2011 16:00:00,1.82
4/6/2011 16:00:00,1.77
4/5/2011 16:00:00,1.78
4/4/2011 16:00:00,1.72
4/1/2011 16:00:00,1.78
3/31/2011 16:00:00,1.85
3/30/2011 16:00:00,1.58
3/29/2011 16:00:00,1.59
3/28/2011 16:00:00,1.55
3/25/2011 16:00:00,1.52
3/24/2011 16:00:00,1.49
3/23/2011 16:00:00,1.48
3/22/2011 16:00:00,1.48
3/21/2011 16:00:00,1.52
3/18/2011 16:00:00,1.53
3/17/2011 16:00:00,1.52
3/16/2011 16:00:00,1.52
3/15/2011 16:00:00,1.53
3/14/2011 16:00:00,1.55
3/11/2011 16:00:00,1.6
3/10/2011 16:00:00,1.6
3/9/2011 16:00:00,1.65
3/8/2011 16:00:00,1.64
3/7/2011 16:00:00,1.66
3/4/2011 16:00:00,1.66
3/3/2011 16:00:00,1.62
3/2/2011 16:00:00,1.6
3/1/2011 16:00:00,1.6
2/28/2011 16:00:00,1.59
2/25/2011 16:00:00,1.57
2/24/2011 16:00:00,1.5
2/23/2011 16:00:00,1.46
2/22/2011 16:00:00,1.46
2/18/2011 16:00:00,1.55
2/17/2011 16:00:00,1.57
2/16/2011 16:00:00,1.65
2/15/2011 16:00:00,1.52
2/14/2011 16:00:00,1.54
2/11/2011 16:00:00,1.55
2/10/2011 16:00:00,1.55
2/9/2011 16:00:00,1.55
2/8/2011 16:00:00,1.63
2/7/2011 16:00:00,1.54
2/4/2011 16:00:00,1.56
2/3/2011 16:00:00,1.58
2/2/2011 16:00:00,1.6
2/1/2011 16:00:00,1.59
1/31/2011 16:00:00,1.61
1/28/2011 16:00:00,1.6
1/27/2011 16:00:00,1.66
1/26/2011 16:00:00,1.65
1/25/2011 16:00:00,1.65
1/24/2011 16:00:00,1.63
1/21/2011 16:00:00,1.54
1/20/2011 16:00:00,1.51
1/19/2011 16:00:00,1.6
1/18/2011 16:00:00,1.71
1/14/2011 16:00:00,1.72
1/13/2011 16:00:00,1.75
1/12/2011 16:00:00,1.8
1/11/2011 16:00:00,1.8
1/10/2011 16:00:00,1.9
1/7/2011 16:00:00,1.88
1/6/2011 16:00:00,1.86
1/5/2011 16:00:00,1.79
1/4/2011 16:00:00,1.78
1/3/2011 16:00:00,1.77
12/31/2010 16:00:00,1.78
12/30/2010 16:00:00,1.77
12/29/2010 16:00:00,1.85
12/28/2010 16:00:00,1.76
12/27/2010 16:00:00,1.7
12/23/2010 16:00:00,2.01
12/22/2010 16:00:00,2.18
12/21/2010 16:00:00,2.15
12/20/2010 16:00:00,2.11
12/17/2010 16:00:00,2.09
12/16/2010 16:00:00,2.05
12/15/2010 16:00:00,1.97
12/14/2010 16:00:00,1.9
12/13/2010 16:00:00,2.04
12/10/2010 16:00:00,2.1
12/9/2010 16:00:00,2.14
12/8/2010 16:00:00,2.16
12/7/2010 16:00:00,2.1
12/6/2010 16:00:00,2.02
12/3/2010 16:00:00,2.1
12/2/2010 16:00:00,2.16
12/1/2010 16:00:00,2.29
11/30/2010 16:00:00,2.36
11/29/2010 16:00:00,2.29
11/26/2010 16:00:00,2.35
11/24/2010 16:00:00,2.36
11/23/2010 16:00:00,2.3
11/22/2010 16:00:00,2.23
11/19/2010 16:00:00,2.07
11/18/2010 16:00:00,1.99
11/17/2010 16:00:00,1.97
11/16/2010 16:00:00,1.98
11/15/2010 16:00:00,2.05
11/12/2010 16:00:00,1.99
11/11/2010 16:00:00,1.87
11/10/2010 16:00:00,1.96
11/9/2010 16:00:00,1.64
11/8/2010 16:00:00,1.67
11/5/2010 16:00:00,1.63
11/4/2010 16:00:00,1.66
11/3/2010 16:00:00,1.45
11/2/2010 16:00:00,1.42
11/1/2010 16:00:00,1.43
10/29/2010 16:00:00,1.46
10/28/2010 16:00:00,1.41
10/27/2010 16:00:00,1.4
10/26/2010 16:00:00,1.42
10/25/2010 16:00:00,1.39
10/22/2010 16:00:00,1.38
10/21/2010 16:00:00,1.38
10/20/2010 16:00:00,1.38
10/19/2010 16:00:00,1.34
10/18/2010 16:00:00,1.35
10/15/2010 16:00:00,1.37
10/14/2010 16:00:00,1.38
10/13/2010 16:00:00,1.37
10/12/2010 16:00:00,1.35
10/11/2010 16:00:00,1.35
10/8/2010 16:00:00,1.36
10/7/2010 16:00:00,1.36
10/6/2010 16:00:00,1.36
10/5/2010 16:00:00,1.41
10/4/2010 16:00:00,1.4
10/1/2010 16:00:00,1.37
9/30/2010 16:00:00,1.36
9/29/2010 16:00:00,1.47
9/28/2010 16:00:00,1.43
9/27/2010 16:00:00,1.37
9/24/2010 16:00:00,1.34
9/23/2010 16:00:00,1.3
9/22/2010 16:00:00,1.32
9/21/2010 16:00:00,1.38
9/20/2010 16:00:00,1.4
9/17/2010 16:00:00,1.35
9/16/2010 16:00:00,1.4
9/15/2010 16:00:00,1.47
9/14/2010 16:00:00,1.41
9/13/2010 16:00:00,1.38
9/10/2010 16:00:00,1.34
9/9/2010 16:00:00,1.38
9/8/2010 16:00:00,1.39
9/7/2010 16:00:00,1.37
9/3/2010 16:00:00,1.4
9/2/2010 16:00:00,1.4
9/1/2010 16:00:00,1.36
8/31/2010 16:00:00,1.3
8/30/2010 16:00:00,1.32
8/27/2010 16:00:00,1.31
8/26/2010 16:00:00,1.32
8/25/2010 16:00:00,1.33
8/24/2010 16:00:00,1.28
8/23/2010 16:00:00,1.34
8/20/2010 16:00:00,1.27
8/19/2010 16:00:00,1.25
8/18/2010 16:00:00,1.25
8/17/2010 16:00:00,1.28
8/16/2010 16:00:00,1.25
8/13/2010 16:00:00,1.22
8/12/2010 16:00:00,1.17
8/11/2010 16:00:00,1.19
8/10/2010 16:00:00,1.27
8/9/2010 16:00:00,1.31
8/6/2010 16:00:00,1.31
8/5/2010 16:00:00,1.36
8/4/2010 16:00:00,1.42
8/3/2010 16:00:00,1.46
8/2/2010 16:00:00,1.39
7/30/2010 16:00:00,1.33
7/29/2010 16:00:00,1.36
7/28/2010 16:00:00,1.38
7/27/2010 16:00:00,1.37
7/26/2010 16:00:00,1.4
7/23/2010 16:00:00,1.42
7/22/2010 16:00:00,1.4
7/21/2010 16:00:00,1.35
7/20/2010 16:00:00,1.35
7/19/2010 16:00:00,1.46
7/16/2010 16:00:00,1.38
7/15/2010 16:00:00,1.33
7/14/2010 16:00:00,1.32
7/13/2010 16:00:00,1.21
7/12/2010 16:00:00,1.14
7/9/2010 16:00:00,1.16
7/8/2010 16:00:00,1.16
7/7/2010 16:00:00,1.05
7/6/2010 16:00:00,1.07
7/2/2010 16:00:00,1.28
7/1/2010 16:00:00,1.46